sn|council|indicator_group|indicator|year|target|actual|attainment_pct
1|Petauke Town Council|Abattoir Rehabilitated|Abattoir Rehabilitated|2024||1|
2|Petauke Town Council|Abattoir Rehabilitated|Abattoir Rehabilitated|2025|1||
3|Petauke Town Council|Agricultural Extension Services Delivery Improved|01 Numbers farmers registers updated|2024||1|
4|Petauke Town Council|Agricultural Extension Services Delivery Improved|01 Numbers farmers registers updated|2025|1||
5|Petauke Town Council|Agricultural Extension Services Delivery Improved|02 Number of camp houses rehabilitated|2024||1|
6|Petauke Town Council|Agricultural Extension Services Delivery Improved|02 Number of camp houses rehabilitated|2025|1||
7|Petauke Town Council|Agricultural Extension Services Delivery Improved|Agricultural Extension Services Delivery Improved|2024||1|
8|Petauke Town Council|Agricultural Extension Services Delivery Improved|Agricultural Extension Services Delivery Improved|2025|1||
9|Petauke Town Council|Agricultural Market Crops Established|01 Number of entrepreneurship skills trainings conducted|2024||2|
10|Petauke Town Council|Agricultural Market Crops Established|01 Number of entrepreneurship skills trainings conducted|2025|2||
11|Petauke Town Council|Agricultural Market Crops Established|Agricultural Market Crops Established|2024||5|
12|Petauke Town Council|Agricultural Market Crops Established|Agricultural Market Crops Established|2025|5||
13|Petauke Town Council|Agricultural Shows Coordinated|Agricultural Shows Coordinated|2024||3|
14|Petauke Town Council|Agricultural Shows Coordinated|Agricultural Shows Coordinated|2025|3||
15|Petauke Town Council|Agriculture Information Collected|Agriculture Information Collected|2024||12|
16|Petauke Town Council|Agriculture Information Collected|Agriculture Information Collected|2025|12||
17|Petauke Town Council|Animal Health Extension and Advisory Services Provided|01 Number of Disease surveillance programs and activities undertaken|2024|550|320|58.18
18|Petauke Town Council|Animal Health Extension and Advisory Services Provided|01 Number of Disease surveillance programs and activities undertaken|2025|350||
19|Petauke Town Council|Animal Health Extension and Advisory Services Provided|02 Number of stock movement permits issued|2024||320|
20|Petauke Town Council|Animal Health Extension and Advisory Services Provided|02 Number of stock movement permits issued|2025|200||
21|Petauke Town Council|Animal Health Extension and Advisory Services Provided|03 Number of slaughter permits issued|2024|201|200|99.5
22|Petauke Town Council|Animal Health Extension and Advisory Services Provided|03 Number of slaughter permits issued|2025|500||
23|Petauke Town Council|Animal Health Extension and Advisory Services Provided|Animal Health Extension and Advisory Services Provided|2024|25|24|96.0
24|Petauke Town Council|Animal Health Extension and Advisory Services Provided|Animal Health Extension and Advisory Services Provided|2025|60||
25|Petauke Town Council|Aquaculture Extension Services|01 Number of fish farming trainings and sensitisations conducted|2024||16|
26|Petauke Town Council|Aquaculture Extension Services|01 Number of fish farming trainings and sensitisations conducted|2025|12||
27|Petauke Town Council|Aquaculture Extension Services|02 Number of patrols conducted|2024||25|
28|Petauke Town Council|Aquaculture Extension Services|02 Number of patrols conducted|2025|25||
29|Petauke Town Council|Aquaculture Extension Services|Aquaculture Extension Services|2024||16|
30|Petauke Town Council|Aquaculture Extension Services|Aquaculture Extension Services|2025|20||
31|Petauke Town Council|Backstopping and Monitoring Vsits Conducted|Backstopping and Monitoring Vsits Conducted|2024||12|
32|Petauke Town Council|Backstopping and Monitoring Vsits Conducted|Backstopping and Monitoring Vsits Conducted|2025|12||
33|Petauke Town Council|Building inspections conducted|Building inspections conducted|2024|12|10|83.33
34|Petauke Town Council|Building inspections conducted|Building inspections conducted|2025|15||
35|Petauke Town Council|Bus Station Constructed|Bus Station Constructed|2024||1|
36|Petauke Town Council|Bus Station Constructed|Bus Station Constructed|2025|1||
37|Petauke Town Council|CDF News Letters Produced|CDF News Letters Produced|2024||2|
38|Petauke Town Council|CDF News Letters Produced|CDF News Letters Produced|2025|2||
39|Petauke Town Council|Cases of Public Muisance Resolved|Cases of Public Muisance Resolved|2024|88|100|113.64
40|Petauke Town Council|Cases of Public Muisance Resolved|Cases of Public Muisance Resolved|2025|100||
41|Petauke Town Council|Cash for Work Initiative Implemented|01 Number of beneficiaries receiving Cash for Work|2024||100|
42|Petauke Town Council|Cash for Work Initiative Implemented|01 Number of beneficiaries receiving Cash for Work|2025|92||
43|Petauke Town Council|Cash for Work Initiative Implemented|Cash for Work Initiative Implemented|2024||58068|
44|Petauke Town Council|Cash for Work Initiative Implemented|Cash for Work Initiative Implemented|2025|23616||
45|Petauke Town Council|Climate Smart Agriculture (CSA) and Practices Disseminated|01 Number of crop monitoring reports produced|2024||10|
46|Petauke Town Council|Climate Smart Agriculture (CSA) and Practices Disseminated|01 Number of crop monitoring reports produced|2025|8||
47|Petauke Town Council|Climate Smart Agriculture (CSA) and Practices Disseminated|02 Number of farmers field schools established|2024||10|
48|Petauke Town Council|Climate Smart Agriculture (CSA) and Practices Disseminated|02 Number of farmers field schools established|2025|5||
49|Petauke Town Council|Climate Smart Agriculture (CSA) and Practices Disseminated|Climate Smart Agriculture (CSA) and Practices Disseminated|2024||6|
50|Petauke Town Council|Climate Smart Agriculture (CSA) and Practices Disseminated|Climate Smart Agriculture (CSA) and Practices Disseminated|2025|6||
51|Petauke Town Council|Community Engagement Meetings Held|Community Engagement Meetings Held|2024|26|10|38.46
52|Petauke Town Council|Community Engagement Meetings Held|Community Engagement Meetings Held|2025|15||
53|Petauke Town Council|Community Halls constructed|Community Halls constructed|2025|1||
54|Petauke Town Council|Community Projects Branded|Community Projects Branded|2024||49|
55|Petauke Town Council|Community Projects Branded|Community Projects Branded|2025|40||
56|Petauke Town Council|Condoms distributed|Condoms distributed|2024||669600|
57|Petauke Town Council|Condoms distributed|Condoms distributed|2025|856224||
58|Petauke Town Council|Council Meetings Held|01 Number of Ordinary Council meetings held|2024||1|
59|Petauke Town Council|Council Meetings Held|01 Number of Ordinary Council meetings held|2025|1||
60|Petauke Town Council|Council Meetings Held|02 Number of Special Council meetings conducted|2024|13|16|123.08
61|Petauke Town Council|Council Meetings Held|02 Number of Special Council meetings conducted|2025|12||
62|Petauke Town Council|Council Meetings Held|Council Meetings Held|2024|3|4|133.33
63|Petauke Town Council|Council Meetings Held|Council Meetings Held|2025|3||
64|Petauke Town Council|Council OS Revenue Base Expanded|01 Number of Revenue agents (WDCs) engaged in revenue collection|2024|8|4|50.0
65|Petauke Town Council|Council OS Revenue Base Expanded|01 Number of Revenue agents (WDCs) engaged in revenue collection|2025|4||
66|Petauke Town Council|Council OS Revenue Base Expanded|02 Number of revenue engagement meetings held|2025|1||
67|Petauke Town Council|Council OS Revenue Base Expanded|03 Number of revenue database updated|2025|1||
68|Petauke Town Council|Council OS Revenue Base Expanded|Council OS Revenue Base Expanded|2024||3|
69|Petauke Town Council|Council OS Revenue Base Expanded|Council OS Revenue Base Expanded|2025|2||
70|Petauke Town Council|Councillors orientations held|Councillors orientations held|2025|1||
71|Petauke Town Council|Cultural Practices in the District Inventoried|Cultural Practices in the District Inventoried|2024||1|
72|Petauke Town Council|Cultural Practices in the District Inventoried|Cultural Practices in the District Inventoried|2025|1||
73|Petauke Town Council|Culvert Constructed and rehabilitated|01 Number of culverts constructed|2025|4||
74|Petauke Town Council|Culvert Constructed and rehabilitated|Culvert Constructed and rehabilitated|2024||1|
75|Petauke Town Council|Culvert Constructed and rehabilitated|Culvert Constructed and rehabilitated|2025|2||
76|Petauke Town Council|Debt Liquidated|Debt Liquidated|2024||2|
77|Petauke Town Council|Debt Liquidated|Debt Liquidated|2025|2||
78|Petauke Town Council|District Development Coordinating Committee Meetings Held|District Development Coordinating Committee Meetings Held|2024|3|4|133.33
79|Petauke Town Council|District Development Coordinating Committee Meetings Held|District Development Coordinating Committee Meetings Held|2025|4||
80|Petauke Town Council|District Planning Documents Developed and Reviewed|01 Gender Equality and Social Inclusion Policy developed|2024||13|
81|Petauke Town Council|District Planning Documents Developed and Reviewed|01 Gender Equality and Social Inclusion Policy developed|2025|13||
82|Petauke Town Council|District Planning Documents Developed and Reviewed|02 Number of ward plans developed|2024||1|
83|Petauke Town Council|District Planning Documents Developed and Reviewed|03 Number of district profile developed|2024||1|
84|Petauke Town Council|District Planning Documents Developed and Reviewed|03 Number of district profile developed|2025|1||
85|Petauke Town Council|District Planning Documents Developed and Reviewed|04 Number of Integrated Development Plan reviewed|2025|1||
86|Petauke Town Council|District Planning Documents Developed and Reviewed|District Planning Documents Developed and Reviewed|2024||1|
87|Petauke Town Council|District Planning Documents Developed and Reviewed|District Planning Documents Developed and Reviewed|2025|1||
88|Petauke Town Council|District Record Surveyed|District Record Surveyed|2024||1|
89|Petauke Town Council|District Record Surveyed|District Record Surveyed|2025|1||
90|Petauke Town Council|Engineered Landfill Constructed|Engineered Landfill Constructed|2024||1|
91|Petauke Town Council|Engineered Landfill Constructed|Engineered Landfill Constructed|2025|1||
92|Petauke Town Council|Entrepreneurship Trainings Conducted|Entrepreneurship Trainings Conducted|2024||2|
93|Petauke Town Council|Entrepreneurship Trainings Conducted|Entrepreneurship Trainings Conducted|2025|4||
94|Petauke Town Council|Environmental Compliance Inspections Conducted|01 Number of environmental compliance inspections conducted|2024||100|
95|Petauke Town Council|Environmental Compliance Inspections Conducted|01 Number of environmental compliance inspections conducted|2025|100||
96|Petauke Town Council|Environmental Compliance Inspections Conducted|02 Percentage of Environmental Project Briefs reviewed|2025|5||
97|Petauke Town Council|Environmental Compliance Inspections Conducted|Environmental Compliance Inspections Conducted|2024|10|4|40.0
98|Petauke Town Council|Environmental Compliance Inspections Conducted|Environmental Compliance Inspections Conducted|2025|8||
99|Petauke Town Council|Essential Medicines Services Provided|Essential Medicines Services Provided|2024|80|80|100.0
100|Petauke Town Council|Essential Medicines Services Provided|Essential Medicines Services Provided|2025|90||
101|Petauke Town Council|Extension Services Provided to Farmers|01 Number of farmer trainings in livestock production and management|2024||2|
102|Petauke Town Council|Extension Services Provided to Farmers|01 Number of farmer trainings in livestock production and management|2025|2||
103|Petauke Town Council|Extension Services Provided to Farmers|02 Number of climate smart technologies disseminated to farmers|2024||12|
104|Petauke Town Council|Extension Services Provided to Farmers|02 Number of climate smart technologies disseminated to farmers|2025|22||
105|Petauke Town Council|Extension Services Provided to Farmers|Extension Services Provided to Farmers|2024||4|
106|Petauke Town Council|Extension Services Provided to Farmers|Extension Services Provided to Farmers|2025|4||
107|Petauke Town Council|Farmer Power and Mechanisation (FPM) Enhanced|Farmer Power and Mechanisation (FPM) Enhanced|2024||4|
108|Petauke Town Council|Farmer Power and Mechanisation (FPM) Enhanced|Farmer Power and Mechanisation (FPM) Enhanced|2025|8||
109|Petauke Town Council|Fire Protection Services Implemented|01 Percentage of sensitisation meetings on risk management conducted|2024|100|100|100.0
110|Petauke Town Council|Fire Protection Services Implemented|01 Percentage of sensitisation meetings on risk management conducted|2025|100||
111|Petauke Town Council|Fire Protection Services Implemented|Fire Protection Services Implemented|2024|100|100|100.0
112|Petauke Town Council|Fire Protection Services Implemented|Fire Protection Services Implemented|2025|100||
113|Petauke Town Council|Food Safety Guaranteed|01 Numner of premises in compliance to minimum public health standards|2024|60|100|166.67
114|Petauke Town Council|Food Safety Guaranteed|01 Numner of premises in compliance to minimum public health standards|2025|100||
115|Petauke Town Council|Food Safety Guaranteed|Food Safety Guaranteed|2024|440|690|156.82
116|Petauke Town Council|Food Safety Guaranteed|Food Safety Guaranteed|2025|700||
117|Petauke Town Council|Functional Literacy literacy students enrolled|01 Number of poor and vulnerable learners trained under functional literacy|2025|4||
118|Petauke Town Council|Functional Literacy literacy students enrolled|02 Number of adult literacy awareness meetings held|2025|4||
119|Petauke Town Council|Functional Literacy literacy students enrolled|Functional Literacy literacy students enrolled|2024||100|
120|Petauke Town Council|Functional Literacy literacy students enrolled|Functional Literacy literacy students enrolled|2025|80||
121|Petauke Town Council|Internal Audit Reports Actioned|Internal Audit Reports Actioned|2024|3|4|133.33
122|Petauke Town Council|Internal Audit Reports Actioned|Internal Audit Reports Actioned|2025|4||
123|Petauke Town Council|Irrigation Technologies and Practices Enhanced|Irrigation Technologies and Practices Enhanced|2024||4|
124|Petauke Town Council|Irrigation Technologies and Practices Enhanced|Irrigation Technologies and Practices Enhanced|2025|4||
125|Petauke Town Council|Land Husbandry Technologies Dissseminated|Land Husbandry Technologies Dissseminated|2024||320|
126|Petauke Town Council|Land Husbandry Technologies Dissseminated|Land Husbandry Technologies Dissseminated|2025|320||
127|Petauke Town Council|Management Meetings Held|Management Meetings Held|2024|12|12|100.0
128|Petauke Town Council|Management Meetings Held|Management Meetings Held|2025|12||
129|Petauke Town Council|Market Information Systems Established|Market Information Systems Established|2024||1|
130|Petauke Town Council|Market Information Systems Established|Market Information Systems Established|2025|1||
131|Petauke Town Council|Medical and Surgical Services Conducted|01 Percentage of surgical cases successfully conducted|2024||584|
132|Petauke Town Council|Medical and Surgical Services Conducted|01 Percentage of surgical cases successfully conducted|2025|296||
133|Petauke Town Council|Medical and Surgical Services Conducted|02 .(cid:9)Number of TB notification cases|2024||90|
134|Petauke Town Council|Medical and Surgical Services Conducted|02 .(cid:9)Number of TB notification cases|2025|90||
135|Petauke Town Council|Medical and Surgical Services Conducted|03 Tuberculosis (TB) treatment success rate|2024|64235|64235|100.0
136|Petauke Town Council|Medical and Surgical Services Conducted|03 Tuberculosis (TB) treatment success rate|2025|65249||
137|Petauke Town Council|Medical and Surgical Services Conducted|04 Number of structures sprayed with indoor residual spray (coverage)|2024|77|30|38.96
138|Petauke Town Council|Medical and Surgical Services Conducted|04 Number of structures sprayed with indoor residual spray (coverage)|2025|30||
139|Petauke Town Council|Medical and Surgical Services Conducted|05 Incidence of maternal deaths per 100,000 population|2025|90||
140|Petauke Town Council|Medical and Surgical Services Conducted|Medical and Surgical Services Conducted|2024|100|100|100.0
141|Petauke Town Council|Medical and Surgical Services Conducted|Medical and Surgical Services Conducted|2025|100||
142|Petauke Town Council|Monthly Marketing Bulletins Produced and Disseminated|Monthly Marketing Bulletins Produced and Disseminated|2024||12|
143|Petauke Town Council|Monthly Marketing Bulletins Produced and Disseminated|Monthly Marketing Bulletins Produced and Disseminated|2025|12||
144|Petauke Town Council|National Days Commemorated|National Days Commemorated|2024|2|4|200.0
145|Petauke Town Council|National Days Commemorated|National Days Commemorated|2025|4||
146|Petauke Town Council|Number of Ward Development Committees formed and orientaed|Number of Ward Development Committees formed and orientaed|2024|13||
147|Petauke Town Council|Number of Ward Development Committees formed and orientaed|Number of Ward Development Committees formed and orientaed|2025|13||
148|Petauke Town Council|Numbering and Survey of Plots Facilitated|01 Number of plots facilitated for numbering|2024||20|
149|Petauke Town Council|Numbering and Survey of Plots Facilitated|01 Number of plots facilitated for numbering|2025|20||
150|Petauke Town Council|Numbering and Survey of Plots Facilitated|Numbering and Survey of Plots Facilitated|2024||20|
151|Petauke Town Council|Numbering and Survey of Plots Facilitated|Numbering and Survey of Plots Facilitated|2025|20||
152|Petauke Town Council|Older Persons Cared|Older Persons Cared|2024||50|
153|Petauke Town Council|Older Persons Cared|Older Persons Cared|2025|50||
154|Petauke Town Council|Performance Assessment Conducted|01 Number of facilities that have conducted quarterly performance assessment|2024|28|28|100.0
155|Petauke Town Council|Performance Assessment Conducted|01 Number of facilities that have conducted quarterly performance assessment|2025|28||
156|Petauke Town Council|Performance Assessment Conducted|02 Number of facilities with reviewed quarterly action plans|2024|14|12|85.71
157|Petauke Town Council|Performance Assessment Conducted|02 Number of facilities with reviewed quarterly action plans|2025|12||
158|Petauke Town Council|Performance Assessment Conducted|Performance Assessment Conducted|2024|28|28|100.0
159|Petauke Town Council|Performance Assessment Conducted|Performance Assessment Conducted|2025|28||
160|Petauke Town Council|Planning Permission Granted|01 Number of planning permission granted|2024||130|
161|Petauke Town Council|Planning Permission Granted|01 Number of planning permission granted|2025|100||
162|Petauke Town Council|Planning Permission Granted|Planning Permission Granted|2024|20|24|120.0
163|Petauke Town Council|Planning Permission Granted|Planning Permission Granted|2025|20||
164|Petauke Town Council|Planning, Mnitoring and Evaluation Conducted|Planning, Mnitoring and Evaluation Conducted|2024||4|
165|Petauke Town Council|Planning, Mnitoring and Evaluation Conducted|Planning, Mnitoring and Evaluation Conducted|2025|4||
166|Petauke Town Council|Pre-School Enrolment|Pre-School Enrolment|2024|33|50|151.52
167|Petauke Town Council|Pre-School Enrolment|Pre-School Enrolment|2025|50||
168|Petauke Town Council|Procurement plan Developed|Procurement plan Developed|2024|1|1|100.0
169|Petauke Town Council|Procurement plan Developed|Procurement plan Developed|2025|1||
170|Petauke Town Council|Provincial Development Coordinating Committee meeting Attended|Provincial Development Coordinating Committee meeting Attended|2024|3|4|133.33
171|Petauke Town Council|Provincial Development Coordinating Committee meeting Attended|Provincial Development Coordinating Committee meeting Attended|2025|4||
172|Petauke Town Council|Public car parks established|Public car parks established|2025|2||
173|Petauke Town Council|Records Collected|Records Collected|2024||100|
174|Petauke Town Council|Records Collected|Records Collected|2025|100||
175|Petauke Town Council|Records Processed and Shelved|Records Processed and Shelved|2024||6|
176|Petauke Town Council|Records Processed and Shelved|Records Processed and Shelved|2025|6||
177|Petauke Town Council|Review of Legal Instruments undertaken|Review of Legal Instruments undertaken|2024||2|
178|Petauke Town Council|Review of Legal Instruments undertaken|Review of Legal Instruments undertaken|2025|2||
179|Petauke Town Council|Roads Rehabilitated using Fuel Allocation|Roads Rehabilitated using Fuel Allocation|2024||70|
180|Petauke Town Council|Roads Rehabilitated using Fuel Allocation|Roads Rehabilitated using Fuel Allocation|2025|60||
181|Petauke Town Council|Secondary Boarding and Skills Development Bursaries Supported|01 Number of secondary boarding bursary learners supported|2024|351|400|113.96
182|Petauke Town Council|Secondary Boarding and Skills Development Bursaries Supported|01 Number of secondary boarding bursary learners supported|2025|468||
183|Petauke Town Council|Secondary Boarding and Skills Development Bursaries Supported|Secondary Boarding and Skills Development Bursaries Supported|2024|543|700|128.91
184|Petauke Town Council|Secondary Boarding and Skills Development Bursaries Supported|Secondary Boarding and Skills Development Bursaries Supported|2025|686||
185|Petauke Town Council|Sensitisation of Communities on the National Sports Policy Conducted|Sensitisation of Communities on the National Sports Policy Conducted|2024||2|
186|Petauke Town Council|Solid Waste Management Improved|01 Tonnage of solid waste collected|2024|48|52|108.33
187|Petauke Town Council|Solid Waste Management Improved|01 Tonnage of solid waste collected|2025|52||
188|Petauke Town Council|Solid Waste Management Improved|Solid Waste Management Improved|2024|6750|8600|127.41
189|Petauke Town Council|Solid Waste Management Improved|Solid Waste Management Improved|2025|8510||
190|Petauke Town Council|Sports Activities Promoted|01 Number of community sports descipline activities promoted at ward level|2024||7|
191|Petauke Town Council|Sports Activities Promoted|02 Number of sports activities conducted at district level|2024||7|
192|Petauke Town Council|Sports Activities Promoted|03 Number of sports equipment procured|2024||7|
193|Petauke Town Council|Sports Activities Promoted|03 Number of sports equipment procured|2025|4||
194|Petauke Town Council|Sports Activities Promoted|04 Number of sports associations registered|2024||4|
195|Petauke Town Council|Sports Activities Promoted|04 Number of sports associations registered|2025|4||
196|Petauke Town Council|Sports Activities Promoted|05 Number of health walks conducted|2024||1|
197|Petauke Town Council|Sports Activities Promoted|05 Number of health walks conducted|2025|1||
198|Petauke Town Council|Sports Activities Promoted|06 Number of coaching clinics conducted|2024|27|16|59.26
199|Petauke Town Council|Sports Activities Promoted|06 Number of coaching clinics conducted|2025|16||
200|Petauke Town Council|Sports Activities Promoted|07 Number of Petauke United Football Club games supported|2025|3||
201|Petauke Town Council|Sports Activities Promoted|Sports Activities Promoted|2024||7|
202|Petauke Town Council|Sports Activities Promoted|Sports Activities Promoted|2025|4||
203|Petauke Town Council|Sports Facility Rehabilitated|Sports Facility Rehabilitated|2024||4|
204|Petauke Town Council|Sports Facility Rehabilitated|Sports Facility Rehabilitated|2025|2||
205|Petauke Town Council|Street Lights Installed|Street Lights Installed|2024||42|
206|Petauke Town Council|Street Lights Installed|Street Lights Installed|2025|60||
207|Petauke Town Council|Township Roads Rehabilitated|Township Roads Rehabilitated|2024|30|4|13.33
208|Petauke Town Council|Township Roads Rehabilitated|Township Roads Rehabilitated|2025|20||
209|Petauke Town Council|Trading Spaces Created|01 Number of markets constructed|2024|3|3|100.0
210|Petauke Town Council|Trading Spaces Created|01 Number of markets constructed|2025|3||
211|Petauke Town Council|Trading Spaces Created|Trading Spaces Created|2024||1|
212|Petauke Town Council|Traditional Ceremonies Supported|Traditional Ceremonies Supported|2024||2|
213|Petauke Town Council|Traditional Ceremonies Supported|Traditional Ceremonies Supported|2025|2||
214|Petauke Town Council|Trucking bay constructed|Trucking bay constructed|2025|1||
215|Petauke Town Council|Unclaimed Bodies Disposed|Unclaimed Bodies Disposed|2024|10|10|100.0
216|Petauke Town Council|Unclaimed Bodies Disposed|Unclaimed Bodies Disposed|2025|15||
217|Petauke Town Council|WASHE Conditions Improved in the District|01 Number of Community Sensitisations Campaign on WASHE conducted|2024|697|640|91.82
218|Petauke Town Council|WASHE Conditions Improved in the District|01 Number of Community Sensitisations Campaign on WASHE conducted|2025|680||
219|Petauke Town Council|WASHE Conditions Improved in the District|WASHE Conditions Improved in the District|2024|52|52|100.0
220|Petauke Town Council|WASHE Conditions Improved in the District|WASHE Conditions Improved in the District|2025|52||
221|Petauke Town Council|Ward Development Committees backstopped|01 Number of Ward Development Committees backstopped|2024|46|52|113.04
222|Petauke Town Council|Ward Development Committees backstopped|01 Number of Ward Development Committees backstopped|2025|52||
223|Petauke Town Council|Ward Development Committees backstopped|Ward Development Committees backstopped|2024|13|13|100.0
224|Petauke Town Council|Ward Development Committees backstopped|Ward Development Committees backstopped|2025|13||
225|Petauke Town Council|Weekly CDF Radio Shows Held|Weekly CDF Radio Shows Held|2024||52|
226|Petauke Town Council|Weekly CDF Radio Shows Held|Weekly CDF Radio Shows Held|2025|52||
227|Petauke Town Council|Welfare Services to GBVs Survivors Provided|Welfare Services to GBVs Survivors Provided|2024||20|
228|Petauke Town Council|Welfare Services to GBVs Survivors Provided|Welfare Services to GBVs Survivors Provided|2025|20||
229|Petauke Town Council|Welfare and Counselling Services Provided|Welfare and Counselling Services Provided|2024||10|
230|Petauke Town Council|Welfare and Counselling Services Provided|Welfare and Counselling Services Provided|2025|10||
