0|1|2|3|5|7|source_page|4|6
CODE|REVENUE DESCRIPTION|"APPROVED
BUDGET 2026"||"REVISED
BUDGET 2027"|"BUDGET
ESTIMATE 2028"|2||
01|Local taxes/rates|||||2||
001|Residential|2,000,000||2,000,000|2,000,000|2||
002|Commercial|2,000,000||2,000,000|2,000,000|2||
|SubItem Total||4,000,000|4,000,000|4,000,000|2||
001|Personal levy|73,500||80,850|97,020|2||
|SubItem Total||73,500|80,850|97,020|2||
CODE|REVENUE DESCRIPTION|"APPROVED
BUDGET 2026"||"REVISED
BUDGET 2027"|"BUDGET
ESTIMATE 2028"|2||
02|Fees and Charges|||||2||
002|Survey fees|38,000||41,800|50,160|2||
003|Building inspection-fees|40,100||44,110|52,932|2||
004|Plan scrutiny fee|131,510||144,661|173,593|2||
005|Change of premise use|6,600||7,260|8,712|2||
007|Rentals/lease of Council’s properties|529,200||582,120|698,544|2||
008|Non-Land Application forms fees|277,750||305,525|366,630|2||
011|Search fees|3,000||3,300|3,960|2||
013|Market fees|604,460||664,906|797,887|2||
014|Parking fees|184,320||202,752|243,304|2||
016|Loading fees (buses, trucks, trains, taxies etc.)|193,520||212,872|255,446|2||
017|Affidavit fees|26,500||29,150|34,980|2||
020|Hire of halls|4,000||4,400|5,280|2||
031|Motorbike and Bicycle fees|213,120||234,432|281,318|2||
033|Refuse disposal|11,400||12,540|15,048|2||
042|Animal Ante mortem fees|70,000||77,000|91,000|2||
045|Notice of marriage fees|40,100||44,110|52,932|2||
046|Abattoir/meat inspection fees|78,000||85,800|102,960|2||
047|Registration of clubs and societies|100,500||110,550|130,650|2||
051|Farm produce Fee|443,300||487,630|585,156|2||
056|Repairs of cars/garage/car wash|2,000||2,200|2,640|2||
059|Land Record|30,000||33,000|39,600|2||
063|Billboards and banners|108,500||119,350|143,220|2||
064|Hire of Transport and Equipment|37,000||40,700|48,840|2||
065|Council Minutes Extracts|107,400||118,140|141,768|2||
066|Penalties|100,892||110,981|131,160|2||
069|Laboratory charges|15,000||16,500|19,800|2||
099|Other fees and charges|30,000||33,000|39,600|2||
|SubItem Total||3,426,172|3,768,789|4,517,121|2||
CODE|REVENUE DESCRIPTION|"APPROVED
BUDGET 2026"||"REVISED
BUDGET 2027"|"BUDGET
ESTIMATE 2028"|2||
03|Licenses|||||2||
002|Liquor licence|18,576||20,434|24,520|2||
003|Firearm and ammunition licence|8,225||9,048|10,857|2||
099|Other Licences|10,000||11,000|13,200|2||
|SubItem Total||36,801|40,481|48,577|2||
CODE|REVENUE DESCRIPTION|"APPROVED
BUDGET 2026"||"REVISED
BUDGET 2027"|"BUDGET
ESTIMATE 2028"|3||
04|Levies|||||3||
001|Livestock Movement levy|48,000||52,800|62,400|3||
003|Fish levy|2,000||2,200|2,600|3||
004|Pole levy|2,002||2,002|2,643|3||
006|Sand levy|10,000||11,000|13,200|3||
011|Telecommunication Mast|115,000||126,500|149,500|3||
017|Trading (Wholesale) Business Levy|78,348||86,183|101,852|3||
018|Trading (Retail) Consumable groceries business|453,766||499,143|598,971|3||
019|Retail Merchants non-consumable business|242,600||266,860|315,380|3||
020|Trading (Retail) chain stores and supermarkets|26,672||29,339|35,207|3||
021|Manufacturing|90,000||99,000|118,800|3||
028|Filling Station|19,980||21,978|26,374|3||
032|Hospitality|78,100||85,910|103,092|3||
033|Commercial Banks|67,000||73,700|88,440|3||
|SubItem Total||1,233,468|1,356,615|1,618,459|3||
CODE|REVENUE DESCRIPTION|"APPROVED
BUDGET 2026"||"REVISED
BUDGET 2027"|"BUDGET
ESTIMATE 2028"|3||
05|Permits|||||3||
001|Health permits|472,420||519,662|614,146|3||
007|Nursery, pre-school permits|10,000||11,000|13,200|3||
008|Burial permits and grave sites|18,750||20,625|24,750|3||
009|Fire certificate|872,480||959,728|1,134,224|3||
010|Extension of Business hours permits|1,000||1,100|1,320|3||
011|Social gathering permit|7,500||8,250|9,900|3||
|SubItem Total||1,382,150|1,520,365|1,797,540|3||
CODE|REVENUE DESCRIPTION|"APPROVED
BUDGET 2026"||"REVISED
BUDGET 2027"|"BUDGET
ESTIMATE 2028"|3||
06|Charges|||||3||
001|Service Charges Residential plots|900,000||990,000|1,170,000|3||
002|Service Charges Industrial plots|300,000||330,000|390,000|3||
|SubItem Total||1,200,000|1,320,000|1,560,000|3||
CODE|REVENUE DESCRIPTION|"APPROVED
BUDGET 2026"||"REVISED
BUDGET 2027"|"BUDGET
ESTIMATE 2028"|3||
07|Other Incomes|||||3||
002|Surplus/ Deficit from Commercial Ventures|1,300,000||1,430,000|1,690,000|3||
|SubItem Total||1,300,000|1,430,000|1,690,000|3||
CODE|REVENUE DESCRIPTION|"APPROVED
BUDGET 2026"||"REVISED
BUDGET 2027"|"BUDGET
ESTIMATE 2028"|3||
08|National Support (Grants)|||||3||
002|Roads Grant|6,351,370||6,351,370|6,351,370|3||
003|Health Grant|7,201,706||7,201,706|7,201,706|3||
004|Local Government Equalisation Fund|11,967,775||11,967,775|11,967,775|3||
005|Grants in lieu of Rates|800,000||800,000|800,000|3||
099|Other Grants|16,763,610||16,763,610|16,763,610|3||
|SubItem Total||43,084,462|43,084,462|43,084,462|3||
CODE|REVENUE DESCRIPTION|"APPROVED
BUDGET 2026"||"BUDGET
ESTIMATE 2028"||4|"REVISED
BUDGET 2027"|
09|Donor Support (Grants)|||||4||
001|Devolution Capital Grant|8,340,000||8,340,000||4|8,340,000|
|SubItem Total||8,340,000|8,340,000||4|8,340,000|
CODE|REVENUE DESCRIPTION|"APPROVED
BUDGET 2026"||"BUDGET
ESTIMATE 2028"||4|"REVISED
BUDGET 2027"|
10|Local Development Fund|||||4||
001|Constituency Development Fund|80,065,100||105,685,932||4|88,071,610|
|SubItem Total||80,065,100|105,685,932||4|88,071,610|
Grand Total|144,141,653|153,013,172|172,439,111|||4||
No|ECONOMIC CLASSIFICATION|"2024
APPROVED
BUDGET (K)"|"2025
APPROVED
BUDGET (K)"|||4|"2026 BUDGET
ESTIMATE (K)"|
"21
22
25
26
31
32
41"|"Personal Emoluments
Goods and Services
Social Assistance Benefits
Grants and Other Payments(Transfers)
Non-Financial Assets
Financial Assets
Current Liabilities (Payable within one year)"|"18,583,770
15,839,298
(0)
16,298,162
43,264,347
6,984,926
455,500"|"19,203,405
25,575,331
34,838,951
17,438,933
49,627,509
7,473,871
500,000"|||4|"19,401,479
25,362,518
14,170,897
19,314,693
56,814,340
8,277,726
800,000"|
|Head Total|101,426,002|154,658,000|||4|144,141,653|
Code|Programme|"2024
Approved
Budget(K)"|"2025
Approved
Budget(K)"|||6|"2026
Budget
Estimates(K)"|
"1
2
3
5
6
7
8
10
11
12
13
15
16
17
18"|"Constituency Development
Local Governance
Integrated Development Planning
Public Health and Environmental Protection
Housing and Community Amenities
Recreation Culture and Religion
Education and Skills Development
Public Order and Safety
Management and Support Services
Resource Mobilisation and Management
District Health servcies
Transport Services
Agricultural Services
Fisheries and Livestock
Social Protection and Community Development"|61,271,284|"72,116,301
2,928,596
2,932,734
7,086,866
5,700,616
317,844
440,456
3,415,588
11,462,064
387,534
6,819,199
3,200,587
524,367
486,160
36,839,086"|||6|"80,065,100
2,445,069
1,025,325
1,433,256
12,095,844
267,500
869,539
3,075,891
10,078,838
2,654,021
7,201,706
6,351,370
515,867
605,176
15,457,153"|
||2,158,395||||6||
||3,036,889||||6||
||1,523,580||||6||
||6,829,747||||6||
||352,670||||6||
||529,179||||6||
||1,885,994||||6||
||11,416,944||||6||
||1,720,000||||6||
||6,726,497||||6||
||3,742,847||||6||
||-||||6||
||231,976||||6||
||-||||6||
|Head Total|101,426,002|154,658,000|||6|144,141,653|
PROGRAMME/SUB-PROGRAMME|2024 BUDGET||2025 BUDGET|2026 BUDGET||7||
|Approved|"Expendit
ure"|Approved|Estimate||7|"Expendit
ure*"|
1||||||7||
Head Total||101,426,002|(0)|(0)||8|154,658,000|144,141,653
ECONOMIC CLASSIFICATION|2024 BUDGET|||2025 BUDGET|2026 BUDGET|11||
|Approved|"Expendit
ure"||Approved|Estimates|11||"Expendit
ure*"
"02Use of Goods and Services
02General Operations
02Engineering
03Transfers
01Transfers
04Assets
01Non-Financial Assets (Capital Expenditure)
02Financial Assets"|"3,063,564
3,063,564
-
16,298,162
16,298,162
41,909,558
34,924,632
6,984,926"|"-
-
-
-
-
-
-
-"||9,834,141|"11,084,052
11,084,052
7,453,471
19,314,693
19,314,693
49,666,355
41,388,629
8,277,726"|11||-
||||9,834,141||11||-
||||6,556,027||11||-
||||17,438,933||11||-
||||17,438,933||11||-
||||44,843,227||11||-
||||37,369,356||11||-
||||7,473,871||11||-
Programme Total|61,271,284|(0)|||80,065,100|11||
||||72,116,301||11||(0)
PROGRAMME/SUBPROGRAMME|2024 BUDGET||2025 BUDGET|2026 BUDGET||12||
|Approved|"Expendit
ure"|Approved|Estimates||12|"Expendit
ure*"|
Programme Total|61,271,284|(0)|72,116,30|(0)||12|1|8800,0,06655,1,10000
Key Output and Output Indicator|2024||2025|2026||13||
|Target|Actual|Target|Target||13|Actual*|
"Roads Rehabilitated using Fuel Allocation
01 Kilometers of roads rehabilitated using fuel allocation"|-|-|70|60||13|15|
"Community Projects Branded
01 Number of community projects branded"|-|-|49|40||13|53|
"Weekly CDF Radio Shows Held
01 Number of weekly CDF Radio shows held"|-|-|52|52||13|49|
"CDF News Letters Produced
01 CDF News letters produced bi-annually"|-|-|2|2||13|(0)|
"Secondary Boarding and Skills Development Bursaries Supported
01 Number of secondary boarding bursary learners supported
02 Number of skills development bursary students supported"|"650
700"|"543
351"|"700
400"|"686
468"||13|"640
458"|
ECONOMIC CLASSIFICATION|2024 BUDGET|||||15|2025 BUDGET|2026 BUDGET
|Approved|"Expendit
ure"||"Expendit
ure*"||15|Approved|Estimates
"01Personal Emoluments
01Salaries and Wages
03Personnel Related Costs
02Use of Goods and Services
02General Operations
01Socio-Economic
03Administration"|"1,377,381
225,381
1,152,000
781,014
781,014
507,234
273,780"|"-
-
-
-
-
-
-"||-||15|2,591,306|"2,016,495
1,152,495
864,000
428,574
428,574
51,650
376,924"
||||-||15|1,439,306|
||||-||15|1,152,000|
||||-||15|337,290|
||||-||15|337,290|
||||-||15|37,000|
||||-||15|300,290|
Programme Total|2,158,395|(0)||||15||2,445,069
||||(0)||15|2,928,596|
PROGRAMME/SUBPROGRAMME|2024 BUDGET||2025 BUDGET|||15||2026 BUDGET
|Approved|"Expendit
ure"|Approved|"Expendit
ure*"||15||"Estimates
2,445,069
2,393,419
51,650"
"2 Local Governance
044Legislative Function
045Citizen Engagement"|"2,158,395
1,651,161
507,234"|"(0)
(0)"|"2,928,596
2,891,596
37,000"|"(0)
(0)"||15||
Programme Total|2,158,395|(0)|2,928,59|(0)||15|6|2,24,4454,50,60969
Key Output and Output Indicator|2024||2025|2026||16||
|Target|Actual|Target|Target||16|Actual*|
"Ward Development Committees backstopped
01 Number of Ward Development Committees backstopped
02 Number Ward Development Committee meetings supported"|"13
52"|"13
46"|"13
52"|"13
52"||16|"13
40"|
"Number of Ward Development Committees formed and orientaed
02 Number Ward Development Committees formed and oriented"|13|13|-|13||16|-|
"Council Meetings Held
01 Number of Ordinary Council meetings held
02 Number of Special Council meetings conducted
03 Number of Standing Committee meetings held"|"4
1
16"|"3
-
13"|"4
1
16"|"3
1
12"||16|"3
1
16"|
"Councillors orientations held
01 Number of councillors orientation conducted"|-|-|-|1||16|-|
"Community Engagement Meetings Held
01 Number of community engagement meetings held"|12|26|10|15||16|15|
ECONOMIC CLASSIFICATION|2024 BUDGET|||2025 BUDGET|2026 BUDGET|17||
|Approved|"Expendit
ure"||Approved|Estimates|17||"Expendit
ure*"
"01Personal Emoluments
01Salaries and Wages
01Environmental Planning
01Socio-Economic
02Surveying
02Use of Goods and Services
02General Operations
01Socio-Economic
04Assets
01Non-Financial Assets (Capital Expenditure)"|"2,336,062
2,336,062
152,427
498,410
428,354
646,827
646,827
157,060
54,000
54,000"|"-
-
-
-
-
-
-
-
-
-"||1,917,741|"698,945
698,945
129,018
404,906
165,021
326,380
326,380
220,860
-
-"|17||-
||||1,917,741||17||-
||||164,098||17||-
||||672,447||17||-
||||1,081,195||17||-
||||999,993||17||-
||||999,993||17||-
||||775,060||17||-
||||15,000||17||-
||||15,000||17||-
Programme Total|3,036,889|(0)||2,932,734|1,025,325|17||(0)
PROGRAMME/SUBPROGRAMME|2024 BUDGET||2025 BUDGET|||18||2026 BUDGET
|Approved|"Expendit
ure"|Approved|"Expendit
ure*"||18||Estimates
"3 Integrated Development Planning
006Environmental Planning
021Spatial Planning
033Socio Economic Planning"|"3,036,889
245,948
2,135,471
655,470"|"(0)
(0)
(0)"|"2,932,734
203,768
1,281,458
1,447,507"|"(0)
(0)
(0)"||18||"1,025,325
179,018
220,541
625,766"
Programme Total|3,036,889|(0)|2,932,73|(0)||18|4|1,10,2052,53,23525
Key Output and Output Indicator|2024||2025|2026||19||
|Target|Actual|Target|Target||19|Actual*|
"Environmental Compliance Inspections Conducted
01 Number of environmental compliance inspections conducted
02 Percentage of Environmental Project Briefs reviewed
03 Number of envoronmental project screening undertaken"|"12
-
-"|"10
-
-"|"4
100
-"|"8
100
5"||19|"4
100
-"|
"Planning Permission Granted
01 Number of planning permission granted
02 Number of roadside trading applications processed"|"15
-"|"20
-"|"24
130"|"20
100"||19|"20
188"|
"Numbering and Survey of Plots Facilitated
01 Number of plots facilitated for numbering
02 Number of plots facilitated for survey"|"20
20"|"-
-"|"20
20"|"20
20"||19|"6
(0)"|
"National Days Commemorated
01 Number of national days commemorated"|4|2|4|4||19|4|
"Building inspections conducted
01 Number of buildings inspected"|10|12|10|15||19|12|
"District Planning Documents Developed and Reviewed
01 Gender Equality and Social Inclusion Policy developed
02 Number of ward plans developed
03 Number of district profile developed
04 Number of Integrated Development Plan reviewed
05 Number of Citizen Version Iintegrated Development Plan reviewed"|"1
-
-
-
-"|"-
-
-
-
-"|"1
13
1
1
-"|"1
13
-
1
1"||19|"(0)
3
1
-
1"|
"Condoms distributed
01 Number of condom distributed annualy"|-|-|669,600|856,224||19|787,622|
ECONOMIC CLASSIFICATION|2024 BUDGET|||2025 BUDGET|2026 BUDGET|20||
|Approved|"Expendit
ure"||Approved|Estimates|20||"Expendit
ure*"
"01Personal Emoluments
01Salaries and Wages
02Use of Goods and Services
02General Operations
01Water and Sanitation
02Public Health
04Assets
01Non-Financial Assets (Capital Expenditure)
02Public Health"|"1,166,400
1,166,400
277,880
277,880
-
277,880
82,000
82,000
82,000"|"-
-
-
-
-
-
-
-
-"||1,295,538|"1,178,320
1,178,320
254,936
254,936
-
254,936
-
-
-"|20||-
||||1,295,538||20||-
||||362,728||20||-
||||362,728||20||-
||||41,900||20||-
||||320,828||20||-
||||5,428,600||20||-
||||5,428,600||20||-
||||5,428,600||20||-
Programme Total|1,526,280|(0)||7,086,866|1,433,256|20||(0)
PROGRAMME/SUBPROGRAMME|2024 BUDGET||2025 BUDGET|||21||2026 BUDGET
|Approved|"Expendit
ure"|Approved|"Expendit
ure*"||21||Estimates
"5 Public Health and Environmental Protection
015Cemetery and Funeral Services
019Health Inspections
027Solid Waste Management
034Water Supply and Sanitation Services"|"1,526,280
83,800
382,370
1,060,110
-"|"(0)
(0)
(0)
(0)"|"7,086,866
197,647
1,051,133
5,796,186
41,900"|"(0)
(0)
(0)
(0)"||21||"1,433,256
254,509
503,256
675,491
(0)"
Programme Total|1,526,280|(0)|7,086,86|(0)||21|6|1,14,3433,32,52656
Key Output and Output Indicator|2024||2025|2026||22||
|Target|Actual|Target|Target||22|Actual*|
"Unclaimed Bodies Disposed
01 Numberoo of unclaimed bodies safely disposed off"|6|10|10|15||22|12|
"Food Safety Guaranteed
01 Numner of premises in compliance to minimum public health standards
02 Percentage of meat inspections conducted"|"500
100"|"440
60"|"690
100"|"700
100"||22|"621
100"|
"Abattoir Rehabilitated
01 Number of abattoirs rehabilitated"|-|-|1|1||22|-|
"Solid Waste Management Improved
01 Tonnage of solid waste collected
02 Weekly Keep Zambia Clean, Green and Healthy Campaign implemented"|"1,020
52"|"6,750
48"|"8,600
52"|"8,510
52"||22|"7,884
49"|
"Engineered Landfill Constructed
01 Number of engineered landfill constructed"|-|-|1|1||22|-|
ECONOMIC CLASSIFICATION|2024 BUDGET|||2025 BUDGET|2026 BUDGET|23||
|Approved|"Expendit
ure"||Approved|Estimates|23||"Expendit
ure*"
"01Personal Emoluments
01Salaries and Wages
01Engineering/ Buildings
99Community Development
02Use of Goods and Services
02General Operations
04Assets
01Non-Financial Assets (Capital Expenditure)
01Engineering/ Buildings
99Community Development"|"3,877,507
3,877,507
2,461,174
482,724
568,440
568,440
2,385,000
2,385,000
385,000
-"|"-
-
-
-
-
-
-
-
-
-"||2,230,616|"1,832,368
1,832,368
1,210,411
445,309
1,923,476
1,923,476
8,340,000
8,340,000
3,340,000
5,000,000"|23||-
||||2,230,616||23||-
||||1,003,006||23||-
||||169,330||23||-
||||345,000||23||-
||||345,000||23||-
||||3,125,000||23||-
||||3,125,000||23||-
||||-||23||-
||||-||23||-
Programme Total|6,830,947|(0)||5,700,616|12,095,844|23||(0)
PROGRAMME/SUBPROGRAMME|2024 BUDGET||2025 BUDGET|||24||2026 BUDGET
|Approved|"Expendit
ure"|Approved|"Expendit
ure*"||24||Estimates
"6 Housing and Community Amenities
012Markets and Bus Stations
017Community Centres
029Roads and Drainages"|"6,830,947
3,111,789
605,684
3,113,474"|"(0)
(0)
(0)"|"5,700,616
4,303,280
169,330
1,228,006"|"(0)
(0)
(0)"||24||"12,095,844
176,647
5,465,309
6,453,888"
Programme Total|6,830,947|(0)|5,700,61|(0)||24|6|1122,0,09955,8,84444
Key Output and Output Indicator|2024||2025|2026||24||
|Target|Actual|Target|Target||24|Actual*|
"Trading Spaces Created
01 Number of markets constructed
02 Number of markets cleaned and maintained"|"1
3"|"-
3"|"1
3"|"-
3"||24|"1
3"|
"Bus Station Constructed
01 Number of bus stations constructed"|-|-|1|1||24|(0)|
"Trucking bay constructed
01 Number of truckings bay constructed"|-|-|-|1||24|-|
"Public car parks established
01 Number of public car partks established"|-|-|-|2||24|-|
"WASHE Conditions Improved in the District
01 Number of Community Sensitisations Campaign on WASHE conducted
02 Number of water quality monitoring samples collected and submitted"|"52
640"|"52
697"|"52
640"|"52
680"||24|"40
435"|
"Community Halls constructed
01 Number of community halls constructed"|-|-|-|1||24|-|
ECONOMIC CLASSIFICATION|2024 BUDGET|||||25|2025 BUDGET|2026 BUDGET
|Approved|"Expendit
ure"||"Expendit
ure*"||25|Approved|Estimates
"02Use of Goods and Services
02General Operations"|"352,670
352,670"|"-
-"||-||25|317,844|"267,500
267,500"
||||-||25|317,844|
Programme Total|352,670|(0)||||25||267,500
||||(0)||25|317,844|
PROGRAMME/SUBPROGRAMME|2024 BUDGET||2025 BUDGET|||25||2026 BUDGET
|Approved|"Expendit
ure"|Approved|"Expendit
ure*"||25||Estimates
"7 Recreation Culture and Religion
001Cultural Affairs
042Sports Promotion"|"352,670
18,000
334,670"|"(0)
(0)"|"317,844
9,224
308,620"|"(0)
(0)"||25||"267,500
8,879
258,621"
Programme Total|352,670|(0)|317,84|(0)||25|4|2672,6570,0500
Key Output and Output Indicator|2024||2025|2026||26||
|Target|Actual|Target|Target||26|Actual*|
"Cultural Practices in the District Inventoried
01 Number of cultural practices inventoried"|1|-|1|1||26|1|
"Traditional Ceremonies Supported
01 Number of traditional ceremonies supported"|-|-|2|2||26|1|
"Sports Activities Promoted
01 Number of community sports descipline activities promoted at ward level
02 Number of sports activities conducted at district level
03 Number of sports equipment procured
04 Number of sports associations registered
05 Number of health walks conducted
06 Number of coaching clinics conducted
07 Number of Petauke United Football Club games supported
08 Number district sports festivals conducted"|"-
-
-
-
-
-
32
-"|"-
-
-
-
-
-
27
-"|"7
7
7
7
4
1
16
-"|"4
-
-
4
4
1
16
3"||26|"10
7
5
3
37
1
16
-"|
"Sensitisation of Communities on the National Sports Policy Conducted
01 Number of sensitisation of communities on the National Sports Policy"|-|-|2|-||26|2|
"Sports Facility Rehabilitated
01 Number of sports facilities rehabilitated"|-|-|4|2||26|-|
ECONOMIC CLASSIFICATION|2024 BUDGET|||||27|2025 BUDGET|2026 BUDGET
|Approved|"Expendit
ure"||"Expendit
ure*"||27|Approved|Estimates
"01Personal Emoluments
01Salaries and Wages
01Community Development
02Use of Goods and Services
02General Operations
01Community Development
04Assets
01Non-Financial Assets (Capital Expenditure)
01Community Development"|"482,169
482,169
482,169
21,510
21,510
21,510
25,500
25,500
25,500"|"-
-
-
-
-
-
-
-
-"||-||27|397,705|"825,874
825,874
825,874
38,165
38,165
38,165
5,500
5,500
5,500"
||||-||27|397,705|
||||-||27|397,705|
||||-||27|27,251|
||||-||27|27,251|
||||-||27|27,251|
||||-||27|15,500|
||||-||27|15,500|
||||-||27|15,500|
Programme Total|529,179|(0)||(0)||27|440,456|869,539
PROGRAMME/SUBPROGRAMME|2024 BUDGET||2025 BUDGET|||27||2026 BUDGET
|Approved|"Expendit
ure"|Approved|"Expendit
ure*"||27||"Estimates
869,539
19,915
849,624
8698,6593,9539"
"8 Education and Skills Development
001District archives
005Early Childhood Education"|"529,179
2,000
527,179"|"(0)
(0)"|"440,456
19,241
421,215"|"(0)
(0)"||27||
Programme Total|529,179|(0)|440,45|(0)||27|6|8698,6593,9539
Key Output and Output Indicator|2024||2025|2026||28||
|Target|Actual|Target|Target||28|Actual*|
"District Record Surveyed
01 Number of record surveys conducted in the district"|-|-|1|1||28|-|
"Records Collected
01 Percentage of NA17 boxes collected annually"|-|-|100|100||28|-|
"Records Processed and Shelved
01 Number of NA17 boxes processed and shelved annually"|-|-|6|6||28|-|
"Pre-School Enrolment
01 Number of pupils enrolled"|50|33|50|50||28|60|
ECONOMIC CLASSIFICATION|2024 BUDGET|||||29|2025 BUDGET|2026 BUDGET
|Approved|"Expendit
ure"||"Expendit
ure*"||29|Approved|Estimates
"01Personal Emoluments
01Salaries and Wages
02Use of Goods and Services
02General Operations
04Assets
01Non-Financial Assets (Capital Expenditure)"|"1,662,574
1,662,574
190,020
190,020
33,400
33,400"|"-
-
-
-
-
-"||-||29|3,056,078|"2,822,646
2,822,646
201,995
201,995
51,250
51,250"
||||-||29|3,056,078|
||||-||29|311,960|
||||-||29|311,960|
||||-||29|47,550|
||||-||29|47,550|
Programme Total|1,885,994|(0)||||29||3,075,891
||||(0)||29|3,415,588|
PROGRAMME/SUBPROGRAMME|2024 BUDGET||2025 BUDGET|||29||2026 BUDGET
|Approved|"Expendit
ure"|Approved|"Expendit
ure*"||29||Estimates
"10 Public Order and Safety
018Community Policing
041Fire Protection Services"|"1,885,994
967,821
918,174"|"(0)
(0)"|"3,415,588
1,107,383
2,308,205"|"(0)
(0)"||29||"3,075,891
1,378,012
1,697,879"
Programme Total|1,885,994|(0)|3,415,58|(0)||29|8|3,30,7057,58,98191
Key Output and Output Indicator|2024||2025|2026||30||
|Target|Actual|Target|Target||30|Actual*|
"Cases of Public Muisance Resolved
01 Percentage of reported cases of public nuisance resolved"|100|88|100|100||30|100|
"Fire Protection Services Implemented
01 Percentage of sensitisation meetings on risk management conducted
02 Percentage of rescue operations responded to promptly"|"100
100"|"100
100"|"100
100"|"100
100"||30|"100
100"|
ECONOMIC CLASSIFICATION|2024 BUDGET|||2025 BUDGET|2026 BUDGET|31||
|Approved|"Expendit
ure"||Approved|Estimates|31||"Expendit
ure*"
"01Personal Emoluments
01Salaries and Wages
03(cid:9)Accounting
02Use of Goods and Services
02General Operations
03(cid:9)Accounting
04ICT
06Legal Services
04Assets
01Non-Financial Assets (Capital Expenditure)
03(cid:9)Accounting
08Executive Management
05Liabilities
01 Outstanding Bills"|"7,681,677
7,681,677
2,285,125
3,187,888
3,187,888
436,514
63,000
64,014
91,880
91,880
27,000
19,400
555,500
555,500"|"-
-
-
-
-
-
-
-
-
-
-
-
-
-"||7,370,935|"8,434,962
8,434,962
2,820,736
809,027
809,027
318,751
51,000
53,300
34,850
34,850
34,850
-
800,000
800,000"|31||-
||||7,370,935||31||-
||||3,174,478||31||-
||||3,142,499||31||-
||||3,142,499||31||-
||||1,303,870||31||-
||||26,100||31||-
||||22,950||31||-
||||448,630||31||-
||||448,630||31||-
||||97,130||31||-
||||5,000||31||-
||||500,000||31||-
||||500,000||31||-
Programme Total|11,516,944|(0)|||10,078,838|31||
||||11,462,064||31||(0)
PROGRAMME/SUBPROGRAMME|2024 BUDGET||2025 BUDGET|||32||2026 BUDGET
|Approved|"Expendit
ure"|Approved|"Expendit
ure*"||32||Estimates
"11 Management and Support Services
001(cid:9)Human Resource and Administration
009Auditing
016Procurement Management
024ICT
028Executive Management
035Accounting Management
036Legal Services"|"11,516,944
4,419,746
514,394
701,248
615,668
1,296,917
3,304,139
664,832"|"(0)
(0)
(0)
(0)
(0)
(0)
(0)"|"11,462,064
3,956,454
172,124
505,846
518,455
1,062,235
5,075,478
171,472"|"(0)
(0)
(0)
(0)
(0)
(0)
(0)"||32||"10,078,838
3,489,905
278,511
499,427
535,835
760,390
3,974,336
540,434"
Programme Total|11,516,944|(0)|11,462,06|(0)||32|4|1100,0,07788,8,83388
Key Output and Output Indicator|2024||2025|2026||33||
|Target|Actual|Target|Target||33|Actual*|
"Internal Audit Reports Actioned
01 Number of internal audit reports actioned"|4|3|4|4||33|4|
"Procurement plan Developed
01 Number of procurement plans prepared"|1|1|1|1||33|1|
"Provincial Development Coordinating Committee meeting Attended
01 Number of PDCC meetings attended"|4|3|4|4||33|2|
"District Development Coordinating Committee Meetings Held
01 Number of DDCC meetings"|4|3|4|4||33|4|
"Management Meetings Held
01 Number of management meetings held"|12|12|12|12||33|12|
"Debt Liquidated
01 Percentage of debt liquidated"|-|-|2|2||33|-|
"Review of Legal Instruments undertaken
01 Number of meetings relating to legal instruments review attended"|-|-|2|2||33|2|
ECONOMIC CLASSIFICATION|2024 BUDGET|||||34|2025 BUDGET|2026 BUDGET
|Approved|"Expendit
ure"||"Expendit
ure*"||34|Approved|Estimates
"01Personal Emoluments
01Salaries and Wages
07Accounting
02Use of Goods and Services
02General Operations
07Accounting
04Assets
01Non-Financial Assets (Capital Expenditure)
07Accounting"|"-
-
-
-
-
-
1,720,000
1,720,000
1,720,000"|"-
-
-
-
-
-
-
-
-"||-||34|343,484|"1,591,871
1,591,871
1,591,871
946,000
946,000
946,000
116,150
116,150
116,150"
||||-||34|343,484|
||||-||34|343,484|
||||-||34|44,050|
||||-||34|44,050|
||||-||34|44,050|
||||-||34|-|
||||-||34|-|
||||-||34|-|
Programme Total|1,720,000|(0)||||34||2,654,021
||||(0)||34|387,534|
PROGRAMME/SUBPROGRAMME|2024 BUDGET||2025 BUDGET|||34||2026 BUDGET
|Approved|"Expendit
ure"|Approved|"Expendit
ure*"||34||"Estimates
2,654,021
2,654,021
2,26,5645,40,20121"
"12 Resource Mobilisation and Management
067Revenue Mobilisation and Enhancement"|"1,720,000
1,720,000"|(0)|"387,534
387,534"|(0)||34||
Programme Total|1,720,000|(0)|387,53|(0)||34|4|2,26,5645,40,20121
Key Output and Output Indicator|2024||2025|2026||35||
|Target|Actual|Target|Target||35|Actual*|
"Council OS Revenue Base Expanded
01 Number of Revenue agents (WDCs) engaged in revenue collection
02 Number of revenue engagement meetings held
03 Number of revenue database updated
04 Number of Revenue Enhancement Plans Operationalised"|"2
4
-
-"|"-
8
-
-"|"3
4
-
-"|"2
4
1
1"||35|"3
5
-
-"|
ECONOMIC CLASSIFICATION|2024 BUDGET|||||36|2025 BUDGET|2026 BUDGET
|Approved|"Expendit
ure"||"Expendit
ure*"||36|Approved|Estimates
"02Use of Goods and Services
02General Operations
01District Health Office
04Assets
01Non-Financial Assets (Capital Expenditure)
01District Health Office"|"6,521,409
6,521,409
-
205,088
205,088
-"|"-
-
-
-
-
-"||-||36|6,775,593|"6,731,805
6,731,805
3,437,323
469,901
469,901
469,901"
||||-||36|6,775,593|
||||-||36|3,608,005|
||||-||36|43,606|
||||-||36|43,606|
||||-||36|43,606|
Programme Total|6,726,497|(0)||||36||7,201,706
||||(0)||36|6,819,199|
PROGRAMME/SUBPROGRAMME|2024 BUDGET||2025 BUDGET|||36||2026 BUDGET
|Approved|"Expendit
ure"|Approved|"Expendit
ure*"||36||Estimates
"13 District Health servcies
001Primary Health Services
002District Health Services
003Hospital Services"|"6,726,497
5,934,420
792,077
-"|"(0)
(0)
(0)"|"6,819,199
2,537,885
629,703
3,651,611"|"(0)
(0)
(0)"||36||"7,201,706
2,664,779
629,703
3,907,224"
Programme Total|6,726,497|(0)|6,819,19|(0)||36|9|7,72,0210,17,07606
Key Output and Output Indicator|2024||2025|2026||37||
|Target|Actual|Target|Target||37|Actual*|
"Essential Medicines Services Provided
01 Percentage availability of drugs in health facilities"|70|80|80|90||37|90|
"Performance Assessment Conducted
01 Number of facilities that have conducted quarterly performance assessment
02 Number of facilities with reviewed quarterly action plans
03 Number of facilities visited for post-PA technical support"|"28
28
14"|"28
28
14"|"28
28
12"|"28
28
12"||37|"28
28
12"|
"Medical and Surgical Services Conducted
01 Percentage of surgical cases successfully conducted
02 .(cid:9)Number of TB notification cases
03 Tuberculosis (TB) treatment success rate
04 Number of structures sprayed with indoor residual spray (coverage)
05 Incidence of maternal deaths per 100,000 population
06 Percentage of viral load coverage"|"100
-
-
64,235
70
-"|"100
-
-
64,235
77
-"|"100
584
90
64,235
30
-"|"100
296
90
65,249
30
90"||37|"100
296
90
65,249
33
-"|
ECONOMIC CLASSIFICATION|2024 BUDGET|||||39|2025 BUDGET|2026 BUDGET
|Approved|"Expendit
ure"||"Expendit
ure*"||39|Approved|Estimates
"02Use of Goods and Services
02General Operations
04Assets
01Non-Financial Assets (Capital Expenditure)"|"-
-
3,742,847
3,742,847"|"-
-
-
-"||-||39|151,300|"6,351,370
6,351,370"
||||-||39|151,300|
||||-||39|3,049,287|
||||-||39|3,049,287|
Programme Total|3,742,847|(0)||(0)||39|3,200,587|6,351,370
PROGRAMME/SUBPROGRAMME|2024 BUDGET||2025 BUDGET|||39||2026 BUDGET
|Approved|"Expendit
ure"|Approved|"Expendit
ure*"||39||Estimates
"15 Transport Services
001Road Transport"|"3,742,847
3,742,847"|(0)|"3,200,587
3,200,587"|(0)||39||"6,351,370
6,351,370"
Programme Total|3,742,847|(0)|3,200,58|(0)||39|7|6,63,5315,13,73070
Key Output and Output Indicator|2024||2025|2026||40||
|Target|Actual|Target|Target||40|Actual*|
"Street Lights Installed
01 Numbers of street lights installed"|-|-|42|60||40|69|
"Culvert Constructed and rehabilitated
01 Number of culverts constructed
02 Number of culverts rehabilitated"|"-
-"|"-
-"|"1
-"|"2
4"||40|"-
-"|
"Township Roads Rehabilitated
01 Kilometers of Township roads rehabilitated"|106|30|4|20||40|-|
ECONOMIC CLASSIFICATION|2024 BUDGET|||||41|2025 BUDGET|2026 BUDGET
|Approved|"Expendit
ure"||"Expendit
ure*"||41|Approved|Estimates
"02Use of Goods and Services
02General Operations
04Assets
01Non-Financial Assets (Capital Expenditure)
20Management and Support Services"|"-
-
-
-
-"|"-
-
-
-
-"||-||41|519,367|"510,867
510,867
5,000
5,000
5,000"
||||-||41|519,367|
||||-||41|5,000|
||||-||41|5,000|
||||-||41|5,000|
Programme Total|-|(0)||(0)||41|524,367|515,867
PROGRAMME/SUBPROGRAMME|2024 BUDGET||2025 BUDGET|2026 BUDGET||41||
|Approved|"Expendit
ure"|Approved|Estimates||41|"Expendit
ure*"|
Programme Total|-|(0)|524,36|(0)||41|7|5155,1856,7867
Key Output and Output Indicator|2024||2025|2026||42||
|Target|Actual|Target|Target||42|Actual*|
"Climate Smart Agriculture (CSA) and Practices Disseminated
01 Number of crop monitoring reports produced
02 Number of farmers field schools established
03 Number of field days conducted"|"-
-
-"|"-
-
-"|"6
10
10"|"6
8
5"||42|"5
-
3"|
"Irrigation Technologies and Practices Enhanced
01 Number of irrigation technologies promoted"|-|-|4|4||42|4|
"Land Husbandry Technologies Dissseminated
01 Number of farmers trained in sustainable land management"|-|-|320|320||42|225|
"Farmer Power and Mechanisation (FPM) Enhanced
01 Number of demonstrations/shows of farm equipment/tool held"|-|-|4|8||42|3|
"Agricultural Extension Services Delivery Improved
01 Numbers farmers registers updated
02 Number of camp houses rehabilitated
03 Number of provincial agricultural show participated in"|"-
-
-"|"-
-
-"|"1
1
1"|"1
1
1"||42|"1
-
1"|
"Agriculture Information Collected
01 Number of agricultural radio programmes produced"|-|-|12|12||42|8|
"Agricultural Market Crops Established
01 Number of entrepreneurship skills trainings conducted
02 Number of market linkages established"|"-
-"|"-
-"|"5
2"|"5
2"||42|"2
2"|
"Market Information Systems Established
01 Number of market information system established and functional"|-|-|1|1||42|1|
"Planning, Mnitoring and Evaluation Conducted
01 Number of M and E Reports produced"|-|-|4|4||42|3|
ECONOMIC CLASSIFICATION|2024 BUDGET|||2025 BUDGET|2026 BUDGET|43||
|Approved|"Expendit
ure"||Approved|Estimates|43||"Expendit
ure*"
"02Use of Goods and Services
02General Operations
25Management and Support
04Assets
01Non-Financial Assets (Capital Expenditure)
22Veterinary Services"|"235,976
235,976
-
-
-
-"|"-
-
-
-
-
-"||406,180|"553,485
553,485
125,349
51,691
51,691
30,000"|43||-
||||406,180||43||-
||||104,829||43||-
||||79,980||43||-
||||79,980||43||-
||||-||43||-
Programme Total|235,976|(0)|||605,176|43||
||||486,160||43||(0)
PROGRAMME/SUBPROGRAMME|2024 BUDGET||2025 BUDGET|2026 BUDGET||44||
|Approved|"Expendit
ure"|Approved|Estimates||44|"Expendit
ure*"|
Programme Total|235,976|(0)|486,16|(0)||44|0|6056,0157,6176
Key Output and Output Indicator|2024||2025|2026||45||
|Target|Actual|Target|Target||45|Actual*|
"Agricultural Shows Coordinated
01 Number of agricultural shows coordinated"|-|-|3|3||45|3|
"Monthly Marketing Bulletins Produced and Disseminated
01 Number of marketing bulletins produced and disseminated"|-|-|12|12||45|11|
"Entrepreneurship Trainings Conducted
01 Number of entrepreneurship trainings conducted"|-|-|2|4||45|7|
"Animal Health Extension and Advisory Services Provided
01 Number of Disease surveillance programs and activities undertaken
02 Number of stock movement permits issued
03 Number of slaughter permits issued
04 Number of dogs vaccinated against rabies"|"20
200
-
144"|"25
550
-
201"|"24
320
320
200"|"60
350
200
500"||45|"25
389
126
372"|
"Aquaculture Extension Services
01 Number of fish farming trainings and sensitisations conducted
02 Number of patrols conducted
03 Number of fish permits issued"|"-
-
-"|"-
-
-"|"16
16
25"|"20
12
25"||45|"14
12
20"|
"Extension Services Provided to Farmers
01 Number of farmer trainings in livestock production and management
02 Number of climate smart technologies disseminated to farmers
03 Number of butcheries and slaughter facilities supervised and monitored"|"-
-
-"|"-
-
-"|"4
2
12"|"4
2
22"||45|"4
2
10"|
"Backstopping and Monitoring Vsits Conducted
01 Number of backstopping and monitoring visits conducted"|-|-|12|12||45|11|
ECONOMIC CLASSIFICATION|2024 BUDGET|||||46|2025 BUDGET|2026 BUDGET
|Approved|"Expendit
ure"||"Expendit
ure*"||46|Approved|Estimates
"02Use of Goods and Services
02General Operations
03Transfers
01Transfers
27Community Development unit"|"-
-
-
-
-"|"-
-
-
-
-"||-||46|36,839,086|"15,457,153
15,457,153"
||||-||46|36,839,086|
||||-||46|-|
||||-||46|-|
||||-||46|-|
Programme Total|-|(0)||||46||15,457,153
||||(0)||46|36,839,086|
PROGRAMME/SUBPROGRAMME|2024 BUDGET||2025 BUDGET|||46||2026 BUDGET
|Approved|"Expendit
ure"|Approved|"Expendit
ure*"||46||Estimates
"18 Social Protection and Community Development
079District Social welfare
080Community Development"|"-
-
-"|"(0)
(0)"|"36,839,086
36,833,914
5,172"|"(0)
(0)"||46||"15,457,153
15,450,256
6,896"
Programme Total|-|(0)|36,839,08|(0)||46|6|1155,4,45577,1,15533
Key Output and Output Indicator|2024||2025|2026||47||
|Target|Actual|Target|Target||47|Actual*|
"Welfare and Counselling Services Provided
01 Number of welfare and counselling services to families in need provided"|-|-|10|10||47|8|
"Welfare Services to GBVs Survivors Provided
01 Number of GBVs survivors supported with welfare services"|-|-|20|20||47|-|
"Older Persons Cared
01 Number of older persons provided with inkind support"|-|-|50|50||47|-|
"Cash for Work Initiative Implemented
01 Number of beneficiaries receiving Cash for Work
02 Proportion of CFW funds disbursed"|"-
-"|"-
-"|"58,068
100"|"23,616
92"||47|"69,330
-"|
"Functional Literacy literacy students enrolled
01 Number of poor and vulnerable learners trained under functional literacy
02 Number of adult literacy awareness meetings held
03 Number of sub centers implementing literacy classes monitored"|"-
-
-"|"-
-
-"|"100
-
-"|"80
4
4"||47|"-
-
-"|
"Geographic
Location"|Key Outputs and Outputs Indicator|MTEF Output Target||||48||
||2022|2023|||48|2024|
|"01Animal Health Extension and Advisory Services Provided
1 Number of Disease surveillance programs and activities undertaken
2 Number of stock movement permits issued
3 Number of slaughter permits issued
4 Number of dogs vaccinated against rabies
01Aquaculture Extension Services
1 Number of fish farming trainings and sensitisations conducted
2 Number of patrols conducted
3 Number of fish permits issued
01Extension Services Provided to Farmers
1 Number of farmer trainings in livestock production and management
2 Number of climate smart technologies disseminated to farmers
3 Number of butcheries and slaughter facilities supervised and monitored
01Backstopping and Monitoring Vsits Conducted
1 Number of backstopping and monitoring visits conducted
01Incapacitated Household Assisted With Inkind Support
1 Number of stranded individuals repatriated to various destinations
2 Number of incapacitated households and individuals assisted with inkind support
02Vulnerable Sudents Assessed and recommended
1 Number of vulnerable students assessed and recommended for bursaries for
tertiary education
03Welfare and Counselling Services Provided
1 Number of welfare and counselling services to families in need provided
04Welfare Services to GBVs Survivors Provided
1 Number of GBVs survivors supported with welfare services
05Older Persons Cared
1 Number of older persons provided with inkind support
06Cash for Work Initiative Implemented
1 Number of beneficiaries receiving Cash for Work
2 Proportion of CFW funds disbursed
01Functional Literacy literacy students enrolled
1 Number of poor and vulnerable learners trained under functional literacy
2 Number of adult literacy awareness meetings held
3 Number of sub centers implementing literacy classes monitored"|"60
350
200
500
20
12
25
4
2
22
12
7
23
50
10
20
50
23,616
92
80
4
4"|"-
-
-
-
-
-
-
-
-
(0)
-
-
(0)
-
-
-
-
-
-
-
(0)
-"|||54||
