sn|indicator_group|indicator|target_2024|actual_2024|target_2025|actual_2025
1|Roads Rehabilitated using Fuel Allocation|Roads Rehabilitated using Fuel Allocation||70|60|
2|Community Projects Branded|Community Projects Branded||49|40|
3|Weekly CDF Radio Shows Held|Weekly CDF Radio Shows Held||52|52|
4|CDF News Letters Produced|CDF News Letters Produced||2|2|
5|Secondary Boarding and Skills Development Bursaries Supported|Secondary Boarding and Skills Development Bursaries Supported|543|700|686|
6|Secondary Boarding and Skills Development Bursaries Supported|01 Number of secondary boarding bursary learners supported|351|400|468|
7|Ward Development Committees backstopped|Ward Development Committees backstopped|13|13|13|
8|Ward Development Committees backstopped|01 Number of Ward Development Committees backstopped|46|52|52|
9|Number of Ward Development Committees formed and orientaed|Number of Ward Development Committees formed and orientaed|13||13|
10|Council Meetings Held|Council Meetings Held|3|4|3|
11|Council Meetings Held|01 Number of Ordinary Council meetings held||1|1|
12|Council Meetings Held|02 Number of Special Council meetings conducted|13|16|12|
13|Councillors orientations held|Councillors orientations held|||1|
14|Community Engagement Meetings Held|Community Engagement Meetings Held|26|10|15|
15|Environmental Compliance Inspections Conducted|Environmental Compliance Inspections Conducted|10|4|8|
16|Environmental Compliance Inspections Conducted|01 Number of environmental compliance inspections conducted||100|100|
17|Environmental Compliance Inspections Conducted|02 Percentage of Environmental Project Briefs reviewed|||5|
18|Planning Permission Granted|Planning Permission Granted|20|24|20|
19|Planning Permission Granted|01 Number of planning permission granted||130|100|
20|Numbering and Survey of Plots Facilitated|Numbering and Survey of Plots Facilitated||20|20|
21|Numbering and Survey of Plots Facilitated|01 Number of plots facilitated for numbering||20|20|
22|National Days Commemorated|National Days Commemorated|2|4|4|
23|Building inspections conducted|Building inspections conducted|12|10|15|
24|District Planning Documents Developed and Reviewed|District Planning Documents Developed and Reviewed||1|1|
25|District Planning Documents Developed and Reviewed|01 Gender Equality and Social Inclusion Policy developed||13|13|
26|District Planning Documents Developed and Reviewed|02 Number of ward plans developed||1||
27|District Planning Documents Developed and Reviewed|03 Number of district profile developed||1|1|
28|District Planning Documents Developed and Reviewed|04 Number of Integrated Development Plan reviewed|||1|
29|Condoms distributed|Condoms distributed||669600|856224|
30|Unclaimed Bodies Disposed|Unclaimed Bodies Disposed|10|10|15|
31|Food Safety Guaranteed|Food Safety Guaranteed|440|690|700|
32|Food Safety Guaranteed|01 Numner of premises in compliance to minimum public health standards|60|100|100|
33|Abattoir Rehabilitated|Abattoir Rehabilitated||1|1|
34|Solid Waste Management Improved|Solid Waste Management Improved|6750|8600|8510|
35|Solid Waste Management Improved|01 Tonnage of solid waste collected|48|52|52|
36|Engineered Landfill Constructed|Engineered Landfill Constructed||1|1|
37|Trading Spaces Created|Trading Spaces Created||1||
38|Trading Spaces Created|01 Number of markets constructed|3|3|3|
39|Bus Station Constructed|Bus Station Constructed||1|1|
40|Trucking bay constructed|Trucking bay constructed|||1|
41|Public car parks established|Public car parks established|||2|
42|WASHE Conditions Improved in the District|WASHE Conditions Improved in the District|52|52|52|
43|WASHE Conditions Improved in the District|01 Number of Community Sensitisations Campaign on WASHE conducted|697|640|680|
44|Community Halls constructed|Community Halls constructed|||1|
45|Cultural Practices in the District Inventoried|Cultural Practices in the District Inventoried||1|1|
46|Traditional Ceremonies Supported|Traditional Ceremonies Supported||2|2|
47|Sports Activities Promoted|Sports Activities Promoted||7|4|
48|Sports Activities Promoted|01 Number of community sports descipline activities promoted at ward level||7||
49|Sports Activities Promoted|02 Number of sports activities conducted at district level||7||
50|Sports Activities Promoted|03 Number of sports equipment procured||7|4|
51|Sports Activities Promoted|04 Number of sports associations registered||4|4|
52|Sports Activities Promoted|05 Number of health walks conducted||1|1|
53|Sports Activities Promoted|06 Number of coaching clinics conducted|27|16|16|
54|Sports Activities Promoted|07 Number of Petauke United Football Club games supported|||3|
55|Sensitisation of Communities on the National Sports Policy Conducted|Sensitisation of Communities on the National Sports Policy Conducted||2||
56|Sports Facility Rehabilitated|Sports Facility Rehabilitated||4|2|
57|District Record Surveyed|District Record Surveyed||1|1|
58|Records Collected|Records Collected||100|100|
59|Records Processed and Shelved|Records Processed and Shelved||6|6|
60|Pre-School Enrolment|Pre-School Enrolment|33|50|50|
61|Cases of Public Muisance Resolved|Cases of Public Muisance Resolved|88|100|100|
62|Fire Protection Services Implemented|Fire Protection Services Implemented|100|100|100|
63|Fire Protection Services Implemented|01 Percentage of sensitisation meetings on risk management conducted|100|100|100|
64|Internal Audit Reports Actioned|Internal Audit Reports Actioned|3|4|4|
65|Procurement plan Developed|Procurement plan Developed|1|1|1|
66|Provincial Development Coordinating Committee meeting Attended|Provincial Development Coordinating Committee meeting Attended|3|4|4|
67|District Development Coordinating Committee Meetings Held|District Development Coordinating Committee Meetings Held|3|4|4|
68|Management Meetings Held|Management Meetings Held|12|12|12|
69|Debt Liquidated|Debt Liquidated||2|2|
70|Review of Legal Instruments undertaken|Review of Legal Instruments undertaken||2|2|
71|Council OS Revenue Base Expanded|Council OS Revenue Base Expanded||3|2|
72|Council OS Revenue Base Expanded|01 Number of Revenue agents (WDCs) engaged in revenue collection|8|4|4|
73|Council OS Revenue Base Expanded|02 Number of revenue engagement meetings held|||1|
74|Council OS Revenue Base Expanded|03 Number of revenue database updated|||1|
75|Essential Medicines Services Provided|Essential Medicines Services Provided|80|80|90|
76|Performance Assessment Conducted|Performance Assessment Conducted|28|28|28|
77|Performance Assessment Conducted|01 Number of facilities that have conducted quarterly performance assessment|28|28|28|
78|Performance Assessment Conducted|02 Number of facilities with reviewed quarterly action plans|14|12|12|
79|Medical and Surgical Services Conducted|Medical and Surgical Services Conducted|100|100|100|
80|Medical and Surgical Services Conducted|01 Percentage of surgical cases successfully conducted||584|296|
81|Medical and Surgical Services Conducted|02 .(cid:9)Number of TB notification cases||90|90|
82|Medical and Surgical Services Conducted|03 Tuberculosis (TB) treatment success rate|64235|64235|65249|
83|Medical and Surgical Services Conducted|04 Number of structures sprayed with indoor residual spray (coverage)|77|30|30|
84|Medical and Surgical Services Conducted|05 Incidence of maternal deaths per 100,000 population|||90|
85|Street Lights Installed|Street Lights Installed||42|60|
86|Culvert Constructed and rehabilitated|Culvert Constructed and rehabilitated||1|2|
87|Culvert Constructed and rehabilitated|01 Number of culverts constructed|||4|
88|Township Roads Rehabilitated|Township Roads Rehabilitated|30|4|20|
89|Climate Smart Agriculture (CSA) and Practices Disseminated|Climate Smart Agriculture (CSA) and Practices Disseminated||6|6|
90|Climate Smart Agriculture (CSA) and Practices Disseminated|01 Number of crop monitoring reports produced||10|8|
91|Climate Smart Agriculture (CSA) and Practices Disseminated|02 Number of farmers field schools established||10|5|
92|Irrigation Technologies and Practices Enhanced|Irrigation Technologies and Practices Enhanced||4|4|
93|Land Husbandry Technologies Dissseminated|Land Husbandry Technologies Dissseminated||320|320|
94|Farmer Power and Mechanisation (FPM) Enhanced|Farmer Power and Mechanisation (FPM) Enhanced||4|8|
95|Agricultural Extension Services Delivery Improved|Agricultural Extension Services Delivery Improved||1|1|
96|Agricultural Extension Services Delivery Improved|01 Numbers farmers registers updated||1|1|
97|Agricultural Extension Services Delivery Improved|02 Number of camp houses rehabilitated||1|1|
98|Agriculture Information Collected|Agriculture Information Collected||12|12|
99|Agricultural Market Crops Established|Agricultural Market Crops Established||5|5|
100|Agricultural Market Crops Established|01 Number of entrepreneurship skills trainings conducted||2|2|
101|Market Information Systems Established|Market Information Systems Established||1|1|
102|Planning, Mnitoring and Evaluation Conducted|Planning, Mnitoring and Evaluation Conducted||4|4|
103|Agricultural Shows Coordinated|Agricultural Shows Coordinated||3|3|
104|Monthly Marketing Bulletins Produced and Disseminated|Monthly Marketing Bulletins Produced and Disseminated||12|12|
105|Entrepreneurship Trainings Conducted|Entrepreneurship Trainings Conducted||2|4|
106|Animal Health Extension and Advisory Services Provided|Animal Health Extension and Advisory Services Provided|25|24|60|
107|Animal Health Extension and Advisory Services Provided|01 Number of Disease surveillance programs and activities undertaken|550|320|350|
108|Animal Health Extension and Advisory Services Provided|02 Number of stock movement permits issued||320|200|
109|Animal Health Extension and Advisory Services Provided|03 Number of slaughter permits issued|201|200|500|
110|Aquaculture Extension Services|Aquaculture Extension Services||16|20|
111|Aquaculture Extension Services|01 Number of fish farming trainings and sensitisations conducted||16|12|
112|Aquaculture Extension Services|02 Number of patrols conducted||25|25|
113|Extension Services Provided to Farmers|Extension Services Provided to Farmers||4|4|
114|Extension Services Provided to Farmers|01 Number of farmer trainings in livestock production and management||2|2|
115|Extension Services Provided to Farmers|02 Number of climate smart technologies disseminated to farmers||12|22|
116|Backstopping and Monitoring Vsits Conducted|Backstopping and Monitoring Vsits Conducted||12|12|
117|Welfare and Counselling Services Provided|Welfare and Counselling Services Provided||10|10|
118|Welfare Services to GBVs Survivors Provided|Welfare Services to GBVs Survivors Provided||20|20|
119|Older Persons Cared|Older Persons Cared||50|50|
120|Cash for Work Initiative Implemented|Cash for Work Initiative Implemented||58068|23616|
121|Cash for Work Initiative Implemented|01 Number of beneficiaries receiving Cash for Work||100|92|
122|Functional Literacy literacy students enrolled|Functional Literacy literacy students enrolled||100|80|
123|Functional Literacy literacy students enrolled|01 Number of poor and vulnerable learners trained under functional literacy|||4|
124|Functional Literacy literacy students enrolled|02 Number of adult literacy awareness meetings held|||4|
