sn|indicator_group|indicator|target_2024|target_2025
1|Community Projects implemented|Community Projects implemented|1|13
2|Community Projects implemented|01 Number of earth moving equipment procured|13|
3|Community Projects implemented|02 Number of classrooms blocks constructed|6|
4|Community Projects implemented|03 Number of staff houses constructed in schools|1|
5|Community Projects implemented|04 Number of ablution blocks constructed in schools|21|
6|Community Projects implemented|05 Number of staff houses constructed at health posts|21|
7|Community Projects implemented|06 Number of health posts installed with solar powered systems|21|
8|Community Projects implemented|07 Number of ablution blocks with a shower room constructed in health posts|21|
9|Community Projects implemented|08 Number of health posts furnished with medical equipment|1|
10|Community Projects implemented|09 Number of maternity annexes constructed|4|
11|Community Projects implemented|10 Number of boreholes drilled and equipped|2|
12|Community Projects implemented|11 Number of agricultural camp houses constructed|1|
13|Roads rehabilitated using fuel allocation|Roads rehabilitated using fuel allocation|100|13
14|Community projects branded|Community projects branded|49|13
15|Weekly CDF radio shows held|Weekly CDF radio shows held|52|13
16|CDF News letters produced|CDF News letters produced|2|13
17|Secondary Boarding and Skills Development Bursaries Supported|Secondary Boarding and Skills Development Bursaries Supported|700|13
18|Secondary Boarding and Skills Development Bursaries Supported|01 Number of secondary boarding bursary learners supported|400|
19|Council Meetings conducted.|Council Meetings conducted.|4|16
20|Council Meetings conducted.|01 Number of Ordinary Council meetings held|1|
21|Council Meetings conducted.|02 Number of Special Council meetings conducted|16|
22|Community engagement meetings held|Community engagement meetings held|10|16
23|Environmental compliance inspections conducted|Environmental compliance inspections conducted|4|19
24|Environmental compliance inspections conducted|01 Number of environmental compliance inspections conducted|100|
25|Planning permission granted|Planning permission granted|100|19
26|Planning permission granted|01 Proportion of planning permission granted|130|
27|Numbering and survey of plots facilitated|Numbering and survey of plots facilitated|20|19
28|Numbering and survey of plots facilitated|01 Number of plots facilitated for numbering|20|
29|National Days Commemorated|National Days Commemorated|4|19
30|District planning documents developed and reviewed|District planning documents developed and reviewed|1|19
31|District planning documents developed and reviewed|01 Gender Equality and Social Inclusion Policy developed|13|
32|District planning documents developed and reviewed|02 Number of ward plans developed|1|
33|District planning documents developed and reviewed|03 Number of district profile developed|1|
34|Unclaimed bodies disposed off|Unclaimed bodies disposed off|100|22
35|Food Safety Guaranteed|Food Safety Guaranteed|100|22
36|Food Safety Guaranteed|01 Proportion compliance of premises to minimum public health standards|100|
37|Abattoir rehabilitated|Abattoir rehabilitated|1|22
38|Solid Waste Management Improved|Solid Waste Management Improved|8600|22
39|Solid Waste Management Improved|01 Tonnage of solid waste collected|52|
40|Engineered Landfill constructed|Engineered Landfill constructed|1|22
41|Conducive trading spaces created|Conducive trading spaces created|1|24
42|Conducive trading spaces created|01 Number of markets constructed|3|
43|Bus station constructed|Bus station constructed|1|24
44|WASHE Conditions Improved in the District|WASHE Conditions Improved in the District|52|24
45|WASHE Conditions Improved in the District|01 Number of Community Sensitisations Campaign on WASHE conducted|40|
46|Cultural practices in the district inventoried|Cultural practices in the district inventoried|1|26
47|Cultural and creative industries developed|Cultural and creative industries developed|1|26
48|Traditional ceremonies supported|Traditional ceremonies supported|2|26
49|Sports activities promoted|Sports activities promoted|7|26
50|Sports activities promoted|01 Number of sports activities conducted at ward level|7|
51|Sports activities promoted|02 Number of sports activities conducted at district level|7|
52|Sports activities promoted|03 Number of sports equipment procured|7|
53|Sports activities promoted|04 Number of sports associations formed|4|
54|Sports activities promoted|05 Number of health walks/aerobics conducted|1|
55|Sports activities promoted|06 Number of coaching clinics conducted|16|
56|Sensitisation of communities on the National Sports Policy conducted|Sensitisation of communities on the National Sports Policy conducted|2|26
57|Sports facility rehabilitated|Sports facility rehabilitated|4|26
58|District Record Surveyed|District Record Surveyed|1|28
59|Records collected|Records collected|100|28
60|Records processed and shelved|Records processed and shelved|6|28
61|Pre-school enrolment|Pre-school enrolment|50|28
62|Reported cases of public nuisance resolved|Reported cases of public nuisance resolved|100|30
63|Building inspections conducted|Building inspections conducted|100|30
64|Fire protection services implemented|Fire protection services implemented|100|30
65|Fire protection services implemented|01 Percentage of sensitisation meetings on risk management conducted|100|
66|Internal audit reports actioned|Internal audit reports actioned|4|33
67|Procurement plan developed|Procurement plan developed|1|33
68|Provincial Development Coordinating Committee meeting attended|Provincial Development Coordinating Committee meeting attended|4|33
69|District Development Coordinating Committee meetings held|District Development Coordinating Committee meetings held|4|33
70|Management meetings held|Management meetings held|12|33
71|Debt liquidated|Debt liquidated|2|33
72|Performance reports and financial statements produced|Performance reports and financial statements produced|4|33
73|Performance reports and financial statements produced|01 Number of financial statements prepared|4|
74|New Valuation Roll prepared|New Valuation Roll prepared|1|33
75|Review of legal instruments undertaken|Review of legal instruments undertaken|100|33
76|Council revenue base expanded|Council revenue base expanded|3|35
77|Council revenue base expanded|01 Number of Revenue agents (WDCs) engaged in revenue collection|4|
78|Essential medicines services provided in health facilities|Essential medicines services provided in health facilities|100|37
79|Performance assessment conducted|Performance assessment conducted|28|37
80|Medical and surgical services conducted|Medical and surgical services conducted|100|37
81|Medical and surgical services conducted|01 Proportion of surgical cases conducted|100|
82|Street lights installed|Street lights installed|42|39
83|Culvert constructed|Culvert constructed|1|39
84|Township roads rehabilitated|Township roads rehabilitated|4|39
85|Climate Smart Agriculture (CSA) technologies and practices disseminated|Climate Smart Agriculture (CSA) technologies and practices disseminated|10|41
86|Climate Smart Agriculture (CSA) technologies and practices disseminated|01 Number of CSA training reports produced|6|
87|Climate Smart Agriculture (CSA) technologies and practices disseminated|02 Number of crop monitoring reports produced|10|
88|Climate Smart Agriculture (CSA) technologies and practices disseminated|03 Number of farmers field schools established|10|
89|Irrigation technologies and practices enhanced|Irrigation technologies and practices enhanced|4|41
90|Land husbandry technologies dissseminated|Land husbandry technologies dissseminated|320|41
91|Farmer power and mechanisation (FPM) enhanced|Farmer power and mechanisation (FPM) enhanced|4|41
92|Agricultural extension services delivery improved|Agricultural extension services delivery improved|1|41
93|Agricultural extension services delivery improved|01 Numbers farmers registers updated|1|
94|Agricultural extension services delivery improved|02 Number of camp houses rehabilitated|1|
95|Agriculture information collected and disseminated|Agriculture information collected and disseminated|12|41
96|Agricultural market linkages for diverse crops established and enhanced|Agricultural market linkages for diverse crops established and enhanced|5|41
97|Agricultural market linkages for diverse crops established and enhanced|01 Number of entrepreneurship skills trainings conducted|2|
98|Market information systems established and functional|Market information systems established and functional|1|41
99|Planning, monitoring and evaluation of agricultural programmes conducted|Planning, monitoring and evaluation of agricultural programmes conducted|4|41
100|Agricultural shows coordinated|Agricultural shows coordinated|3|44
101|Monthly marketing bulletins produced and disseminated|Monthly marketing bulletins produced and disseminated|12|44
102|Monthly marketing bulletins produced and disseminated|01 Number of marketing bulletins produced|12|
103|Entrepreneurship trainings conducted|Entrepreneurship trainings conducted|2|44
104|Fisheries and livestock value addition trainings conducted|Fisheries and livestock value addition trainings conducted|2|44
105|Animal health extension and advisory services provided|Animal health extension and advisory services provided|24|44
106|Animal health extension and advisory services provided|01 Number of Disease surveillance programs and activities undertaken|320|
107|Animal health extension and advisory services provided|02 Number of stock movement permits issued|320|
108|Animal health extension and advisory services provided|03 Number of slaughter permits issued|200|
109|Aquaculture extension services|Aquaculture extension services|16|44
110|Aquaculture extension services|01 Number of fish farming trainings conducted|60|
111|Aquaculture extension services|02 Number of technical backstopping and monitoring conducted|16|
112|Aquaculture extension services|03 Number of patrols conducted|25|
113|Aquaculture extension services|04 Number of fish permits issued|6|
114|Extension services provided to farmers|Extension services provided to farmers|1|44
115|Extension services provided to farmers|01 Number of field days conducted|4|
116|Extension services provided to farmers|02 Number of farmer trainings in livestock production and management|8|
117|Extension services provided to farmers|03 Number of livestock demonstrations conducted|2|
118|Extension services provided to farmers|04 Number of climate smart technologies disseminated to farmers|12|
119|Backstopping and monitoring visits conducted|Backstopping and monitoring visits conducted|12|44
120|Welfare and counselling services to families in need provided|Welfare and counselling services to families in need provided|10|47
121|Welfare services to GBVs survivors provided|Welfare services to GBVs survivors provided|20|47
122|Older persons cared for|Older persons cared for|50|47
123|Cash for Work Initiative implemented|Cash for Work Initiative implemented|58068|47
124|Cash for Work Initiative implemented|01 Number of beneficiaries receiving Cash for Work|100|
125|Poor and vulnerable learners trained under functional literacy|Poor and vulnerable learners trained under functional literacy|100|47
126|Geographic|Geographic||48
