record_id|council_name|source_document|sn|objective|strategy|source_page|category|strategy_index|objective_short
1|Petauke Town Council|Petauke.Lusangazi-Joint-IDP-Final.pdf|1|To increase and diversify agriculture, livestock and fisheries production and productivity through proven technological innovations.|Diversification of agricultural, livestock and fisheries production and utilization of modern technology.|71|IDP_OBJECTIVES|1|To increase and diversify agriculture, livestock and fisheries production and pr
2|Petauke Town Council|Petauke.Lusangazi-Joint-IDP-Final.pdf|1|To increase and diversify agriculture, livestock and fisheries production and productivity through proven technological innovations.|Creation of crop demo plots and crop field schools.|71|IDP_OBJECTIVES|2|To increase and diversify agriculture, livestock and fisheries production and pr
3|Petauke Town Council|Petauke.Lusangazi-Joint-IDP-Final.pdf|1|To increase and diversify agriculture, livestock and fisheries production and productivity through proven technological innovations.|Introduce intensive and commercial farming using smart investments.|71|IDP_OBJECTIVES|3|To increase and diversify agriculture, livestock and fisheries production and pr
4|Petauke Town Council|Petauke.Lusangazi-Joint-IDP-Final.pdf|1|To increase and diversify agriculture, livestock and fisheries production and productivity through proven technological innovations.|Introduce sustainable and environmentally sound agricultural practices.|71|IDP_OBJECTIVES|4|To increase and diversify agriculture, livestock and fisheries production and pr
5|Petauke Town Council|Petauke.Lusangazi-Joint-IDP-Final.pdf|1|To increase and diversify agriculture, livestock and fisheries production and productivity through proven technological innovations.|Strengthening emergency preparedness through timely early warning and efficient crop focusing and maintenance of strategic food reserves|71|IDP_OBJECTIVES|5|To increase and diversify agriculture, livestock and fisheries production and pr
6|Petauke Town Council|Petauke.Lusangazi-Joint-IDP-Final.pdf|1|To increase and diversify agriculture, livestock and fisheries production and productivity through proven technological innovations.|Conduct continuous sensitization meetings to farmers on good /best agriculture best practices.|71|IDP_OBJECTIVES|6|To increase and diversify agriculture, livestock and fisheries production and pr
7|Petauke Town Council|Petauke.Lusangazi-Joint-IDP-Final.pdf|2|To promote the conservation of natural resources|Creation of eco-friendly forests/fruit plantations and nurseries, Agro forestry, and conservation of forest reserves. • Involvement of the community in the Conservation of wildlife through the promotion of community resource boards (CRB) • Promoting sustainable forest management|71|IDP_OBJECTIVES|1|To promote the conservation of natural resources
8|Petauke Town Council|Petauke.Lusangazi-Joint-IDP-Final.pdf|3|To develop infrastructure in the key sectors of the economy|Develop infrastructure in the key sectors of the economy such as Roads, Housing, Health, Education, Transport, Communication and sports and recreation for youth development|71|IDP_OBJECTIVES|1|To develop infrastructure in the key sectors of the economy
9|Petauke Town Council|Petauke.Lusangazi-Joint-IDP-Final.pdf|3|To develop infrastructure in the key sectors of the economy|Promotion of public private partnerships in the creation of|71|IDP_OBJECTIVES|2|To develop infrastructure in the key sectors of the economy
