No.,Project Name,Project Description,Sector,Type of Project,Constituency,Ward,Project Site/Location,Project Amount Requested,COMMENTS
1,Classroom Block,1x2 Classroom Block,Education,Construction of 1x2 Classroom Block,Kaumbwe,Kanyanga,Kanyanga B School,"70,000",Funds were not adequate for all projects to be approved
2,Health Post,Health Post,Health,Construction and Rehabilitation of a Health Post,Kaumbwe,Kanyanga,Nyakutwa Health Post,"700,000",Funds were not adequate for all projects to be approved
3,Staff Houses,3 Staff Houses,Health,Construction of 3 Staff House,Kaumbwe,Kanyanga,Matonje Health Post,"820,000",Funds were not adequate for all projects to be approved
4,Borehole,Borehole,Water and Sanitation,Drilling of a Borehole,Kaumbwe,Kanyanga,Mateyokalizya,"60,000",Funds were not adequate for all projects to be approved
5,Classroom Block,1x3 Classroom Block,Education,Construction of 1x3 Classroom Block,Kaumbwe,Kanyanga,Chimunzi Primary School,"450,000",Funds were not adequate for all projects to be approved
6,Electricity,Electricity,Education,Connection of Electricity Power,Kaumbwe,Kanyanga,Kasusu Primary School,"80,000",Funds were not adequate for all projects to be approved
7,Staff Houses,2 Staff Houses,Education,Construction of 2 Staff Houses,Kaumbwe,Kanyanga,Kasusu Primary School,"500,000",Funds were not adequate for all projects to be approved
8,Classroom Block,1x2 Classroom Block,Education,Renovation of a 1x2 Classroom Block,Kaumbwe,Kanyanga,Chimunzi Primary School,"71,000",Funds were not adequate for all projects to be approved
9,Health Post,Health Post,Health,Construction and Rehabilitation of a Health Post,Kaumbwe,Kanyanga,Matonje Health Post,"500,000",Funds were not adequate for all projects to be approved
10,Maternity Annex,Maternity Annex,Health,Construction of a Maternity Annex,Kaumbwe,Kanyanga,Kasoko Health Post,"500,000",Funds were not adequate for all projects to be approved
11,Health Post,Health Post,Health,Opening of a Health Post,Kaumbwe,Kanyanga,Chimunzi,"200,000",Funds were not adequate for all projects to be approved
12,Health Post,Health Post,Health,Construction of a Health Post,Kaumbwe,Kanyanga,Kasusu,"700,000",Funds were not adequate for all projects to be approved
13,Police Post,Police Post,Home Affairs,Construction of a Police Post,Kaumbwe,Kanyanga,Kasusu,"600,000",Funds were not adequate for all projects to be approved
14,Borehole and Piped Water,Borehole and Piped Water,Water and Sanitation,Borehole Drilling and Piped Water,Kaumbwe,Kanyanga,Mwambezi Primary School,"365,183",Funds were not adequate for all projects to be approved
15,Administration Block,Administration Block,Education,Construction of a Administration Block,Kaumbwe,Kanyanga,Mwambezi,"254,700",Funds were not adequate for all projects to be approved
16,Classroom Block,1x3 Classroom Block,Education,Construction of a 1x3 Classroom Block,Kaumbwe,Kanyanga,Mwambezi,"514,650",Funds were not adequate for all projects to be approved
17,Classroom Block,1x3 Classroom Block,Education,Construction of a 1x3 Classroom Block,Kaumbwe,Kanyanga,Nyakutwa Primary School,"1,200,000",Funds were not adequate for all projects to be approved
18,Domitary,Girls Domitary,Education,Construction of a Girls Domitary,Kaumbwe,Kanyanga,Mwambezi Primary School,"184,470",Funds were not adequate for all projects to be approved
19,Ablution Block,Ablution Block,Education,Construction of Ablution Blocks and Water Borne Sanitation System for Girls and Boys,Kaumbwe,Manyane,Mankhungwe Primary School,"900,000",Funds were not adequate for all projects to be approved
20,Dam,Dam,Water and Sanitation,Construction of a Dam,Kaumbwe,Manyane,"Mankhungwe, Matonje","2,500,000",Funds were not adequate for all projects to be approved
21,Staff Houses,2 Staff Houses,Health,Construction of 2 Staff Houses,Kaumbwe,Manyane,Mankhungwe Health Post,"1,000,000",Funds were not adequate for all projects to be approved
22,School,School,Education,Construction of a School,Kaumbwe,Manyane,Mankhungwe Health Post,"855,650",Funds were not adequate for all projects to be approved
23,Borehole,Borehole,Water and Sanitation,Borehole Drilling,Kaumbwe,Manyane,Nyakumwa,3000,Funds were not adequate for all projects to be approved
24,Borehole,Borehole,Water and Sanitation,Borehole Drilling,Kaumbwe,Manyane,Chimtenje,"50,000",Funds were not adequate for all projects to be approved
25,Borehole,Borehole,Water and Sanitation,Drilling of a Borehole,Kaumbwe,Manyane,Malipa Village,"30,000",Funds were not adequate for all projects to be approved
26,Borehole,Borehole,Water and Sanitation,Drilling of a Borehole,Kaumbwe,Manyane,Changa Village,"80,000",Funds were not adequate for all projects to be approved
27,Water,Water,Water and Sanitation,Acess to Safe Drinking Water,Kaumbwe,Manyane,Mulinda Village,"50,000",Funds were not adequate for all projects to be approved
28,Water,Water,Water and Sanitation,Acess to Safe Drinking Water,Kaumbwe,Manyane,Nthambalika,"50,000",Funds were not adequate for all projects to be approved
29,Borehole,Borehole,Water and Sanitation,Borehole Drilling,Kaumbwe,Manyane,Abram Village,"50,000",Funds were not adequate for all projects to be approved
30,Borehole,Borehole,Water and Sanitation,Drilling of a Borehole,Kaumbwe,Manyane,Nyamilongo Village,"50,000",Funds were not adequate for all projects to be approved
31,"Classroom Block, Staff House and Toilet","1x3 Classroom Block, Staff House and Toilet",Education,"Construction of 1x3 Classroom Block, Staff House and Toilet",Kaumbwe,Kaumbwe,,"1,400,000",Funds were not adequate for all projects to be approved
32,Water,Water System,Water and Sanitation,Acess to Safe Drinking Water,Kaumbwe,Kaumbwe,Mwanjabanthu RHC,"35,500",Funds were not adequate for all projects to be approved
33,Classroom Block and Dinning Hall,1x3 Classroom Block and Dinning Hall,Education,Construction of a 1x3 Classroom Block and Dinning Hall,Kaumbwe,Kaumbwe,Zumaile Day PTA Committee,"2,000,000",Funds were not adequate for all projects to be approved
34,Borehole,Borehole,Water and Sanitation,Drilling of a Borehole,Kaumbwe,Kaumbwe,Meck Village,"40,000",Funds were not adequate for all projects to be approved
35,Borehole,Borehole,Water and Sanitation,Drilling of a Borehole,Kaumbwe,Kaumbwe,Kapotwe,"30,000",Funds were not adequate for all projects to be approved
36,Bridge,Bridge,Education,Construction of a Bridge,Kaumbwe,Kaumbwe,Nyansimbo,"250,000",Funds were not adequate for all projects to be approved
37,Borehole,Borehole,Water and Sanitation,Drilling of a Borehole,Kaumbwe,Kaumbwe,Nkhundwe Village,"30,000",Funds were not adequate for all projects to be approved
38,Classroom Block and Staff Houses,1x3 Classroom Block and 3 Staff Houses,Water and Sanitation,Construction of a 1x3 Classroom Block and 3 Staff Houses,Kaumbwe,Kaumbwe,Nyawalira Primary School,"6,000,000",Funds were not adequate for all projects to be approved
39,Borehole,Borehole,Water and Sanitation,Drilling of a Borehole,Kaumbwe,Kaumbwe,Chimulamba Village,"30,000",Funds were not adequate for all projects to be approved
40,Classroom Block,1x1 Classroom Block,Education,Construction of 1 Classroom for Early Childhood,Kaumbwe,Kaumbwe,Wankhala Primary School,"150,000",Funds were not adequate for all projects to be approved
41,Staff Houses,4 Staff Houses,Education,Construction of 4 Staff Houses,Kaumbwe,Kaumbwe,,"1,200,000",Funds were not adequate for all projects to be approved
42,Staff Houses,5 Staff Houses,Education,Renovation of 5 Staff Houses,Kaumbwe,Kaumbwe,Zumaire Primary School,"755,622",Funds were not adequate for all projects to be approved
43,Roofing,Roofing Sheets,,Roofing Materials of a Shed,Kaumbwe,Kaumbwe,Nyalingu Community Shed,NIL,Funds were not adequate for all projects to be approved
44,Staff Houses,Staff Houses,Education,Rehabilitation of Staff Houses,Kaumbwe,Kaumbwe,Nyalingu Community,"250,000",Funds were not adequate for all projects to be approved
45,Mother's Waiting Shelter,Mother's waiting Shelter,Health,Construction of a Mother's Waiting Shelter,Kaumbwe,Kaumbwe,Kaumbwe Mini Hospital,"800,000",Funds were not adequate for all projects to be approved
46,Borehole,Borehole,Water and Sanitation,Drilling of a Borehole,Kaumbwe,Kaumbwe,Zuwa Village,"40,000",Funds were not adequate for all projects to be approved
47,Water,Water,Water and Sanitation,Acess to Safe Drinking Water,Kaumbwe,Kaumbwe,Sinyanga Village,"50,000",Funds were not adequate for all projects to be approved
48,Water,Water,Water and Sanitation,Acess to Safe Drinking Water,Kaumbwe,Kaumbwe,Nyamanja Village,"280,000",Funds were not adequate for all projects to be approved
49,Staff Houses and Early Childhood Classroom Block,Staff Houses and Early Childhood Classroom Block,Education,Construction of Staff Houses and Early Childhood Classroom Block,Kaumbwe,Kaumbwe,Mbaza Primary School,"500,000",Funds were not adequate for all projects to be approved
50,Sub Clinic,Sub Clinic,Health,Construction of a Sub Clinic,Kaumbwe,Kaumbwe,Mbaza Primary School,"500,000",Funds were not adequate for all projects to be approved
51,Road and Bridge,Road and Bridge,Education,Construction of Road and Bridge,Kaumbwe,Kaumbwe,Mbaza Primary School,"500,000",Funds were not adequate for all projects to be approved
52,Classroom Block,Classroom Block,Education,Completion of a Classroom Block,Kaumbwe,Kaumbwe,Mwanjabanthu Day Secondary,"1,500,000",Funds were not adequate for all projects to be approved
53,Health Equipment,Health Equipment,Health,Purchase of Health Equipment,Kaumbwe,Kaumbwe,Kaumbwe Min Hospital,"800,000",Funds were not adequate for all projects to be approved
54,Borehole,Borehole,Water and Sanitation,Drilling of a Borehole,Kaumbwe,Kaumbwe,Mwenda Village,"40,000",Funds were not adequate for all projects to be approved
55,Water,Water Borne,Water and Sanitation,Acess to Safe Drinking Water,Kaumbwe,Manyane,Nyanema Village,"50,000",Funds were not adequate for all projects to be approved
56,Water,Water,Water and Sanitation,Acess to Safe Drinking Water,Kaumbwe,Manyane,Nyanoka,"45,000",Funds were not adequate for all projects to be approved
57,Borehole,Borehole,Water and Sanitation,Drilling of a Borehole,Kaumbwe,Manyane,Kapinde Village,"50,000",Funds were not adequate for all projects to be approved
58,Modern Out-patient Department,Modern Out-patient Department,Health,Construction of a Modern Out-patient Department,Kaumbwe,Manjazi,Manyane Health Centre,"990,000",Funds were not adequate for all projects to be approved
59,Staff Houses,Staff Houses,Health,Construction of Staff Houses,Kaumbwe,Manjazi,Manyane Health Centre,"600,000",Funds were not adequate for all projects to be approved
60,Staff House and Toilet,Staff House and Toilet,Fisheries and Livestock,Construction and rehabilitation of a Staff House and Toilet,Kaumbwe,Manjazi,Manyane Settlement,"250,000",Funds were not adequate for all projects to be approved
61,Health Post,Health Post,Health,Construction of a Health Post,Kaumbwe,Manjazi,Kafunde,"1,000,000",Funds were not adequate for all projects to be approved
62,Borehole,Borehole,Water and Sanitation,Drilling of a Borehole,Kaumbwe,Manjazi,,NIL,Funds were not adequate for all projects to be approved
63,Dip Water Tanks,Dip Water Tanks,Water and Sanitation,Acess to Safe Drinking Water,Kaumbwe,Manjazi,Nyakwenda Village,"250,000",Funds were not adequate for all projects to be approved
64,Maternity Annex,Maternity Annex,Health,Construction of a Maternity Annex,Kaumbwe,Manjazi,,"500,000",Funds were not adequate for all projects to be approved
65,Water Tank,Water Tank,Water and Sanitation,Installation of Water Tank and Taps,Kaumbwe,Manjazi,Amose and Mphambeni Village,"318,000",Funds were not adequate for all projects to be approved
66,"Houses, Court Room and Borehole","Houses, Court Room and Borehole",Judiciary,"Construction of 5 Staff Houses, Court Room and Drilling a Borehole",Kaumbwe,Manjazi,Manyane Local Court,"4,500,000",Funds were not adequate for all projects to be approved
67,Staff Houses,2 Staff Houses,Education,Construction of 2 Staff Houses,Kaumbwe,Manjazi,,"200,000",Funds were not adequate for all projects to be approved
68,Borehole,Borehole,Water and Sanitation,Drilling of a Borehole,Kaumbwe,Manjazi,Mwanza Village,"50,000",Funds were not adequate for all projects to be approved
69,Water,Water,Water and Sanitation,Acess to Safe Drinking Water,Kaumbwe,Manjazi,Nkhwenze,NIL,Funds were not adequate for all projects to be approved
70,Water,Water,Water and Sanitation,Acess to Safe Drinking Water,Kaumbwe,Manjazi,Nyasoka Village,NIL,Funds were not adequate for all projects to be approved
71,Dam,Dam,Water and Sanitation,Construction of a Dam,Kaumbwe,Manjazi,Manjazi,NIL,Funds were not adequate for all projects to be approved
72,Borehole,Borehole,Water and Sanitation,Drilling of a Borehole,Kaumbwe,Manjazi,Kamisi Village,NIL,Funds were not adequate for all projects to be approved
73,Borehole,Borehole,Water and Sanitation,Drilling of a Borehole,Kaumbwe,Manjazi,Chionviya Village,NIL,Funds were not adequate for all projects to be approved
74,Borehole and Dip Tank,Borehole and Dip Tank,Water and Sanitation,Drilling Borehole and Dip Tank,Kaumbwe,Manjazi,Manyane Community,"325,000",Funds were not adequate for all projects to be approved
75,Health Post,Health Post,Health,Construction of a Health Post,Kaumbwe,Manjazi,Joe-kapili Village,NIL,Funds were not adequate for all projects to be approved
76,Staff Houses,3 Staff Houses,Education,Construction of 3 Staff Houses,Kaumbwe,Lusinde,Nyandubane Primary School,"510,000",Funds were not adequate for all projects to be approved
77,Staff Houses,2 Solar Powered Staff Houses,Education,Construction of 2 Solar Powered Staff Houses,Kaumbwe,Lusinde,Lunene Primary School,"1,000,000",Funds were not adequate for all projects to be approved
78,Borehole,Borehole,Water and Sanitation,Drilling of a Borehole,Kaumbwe,Lusinde,Mbwika Village,"60,000",Funds were not adequate for all projects to be approved
79,Bridge,Bridge,,Construction of a Bridge,Kaumbwe,Lusinde,Chinsima Village,"180,000",Funds were not adequate for all projects to be approved
80,Borehole,Borehole,Water and Sanitation,Drilling of a Borehole,Kaumbwe,Lusinde,Kanyukuta Gardener Co-operati,"60,000",Funds were not adequate for all projects to be approved
81,Classroom Block,Classroom Block,Education,Construction of a Classroom Block,Kaumbwe,Lusinde,Kafuwele Primary School,NIL,Funds were not adequate for all projects to be approved
82,Dam,Dam,Water and Sanitation,Rehabilitation of a Dam,Kaumbwe,Lusinde,Nyandubane,"720,000",Funds were not adequate for all projects to be approved
83,Classroom Block,Classroom Block,Education,Construction of a Classroom Block,Kaumbwe,Lusinde,Nyandubane Primary School,"170,000",Funds were not adequate for all projects to be approved
84,Classroom Block and Staff House,1x2 Classroom Block and 1 Staff House,Education,Construction of a 1x2 Classroom Block and 1 Staff House,Kaumbwe,Lusinde,Katayauchi PTC,"1,475,450",Funds were not adequate for all projects to be approved
85,Classroom Block,1x3 Classroom Block,Education,Construction of a 1x3 Classroom Block,Kaumbwe,Lusinde,Nzumbi Primary School,"1,198,607.25",Funds were not adequate for all projects to be approved
86,Classroom Block,1x2 ECE Classroom Block,Education,Construction of 1x2 Classroom Block,Kaumbwe,Lusinde,Lunene Primary School,"700,000",Funds were not adequate for all projects to be approved
87,Borehole,Borehole,Water and Sanitation,Drilling of a Borehole,Kaumbwe,Lusinde,Sikalenje,NIL,Funds were not adequate for all projects to be approved
88,Tower,Tower,Communication,Construction of a Communication Tower,Kaumbwe,Lusinde,Lusinde Community,"120,000",Funds were not adequate for all projects to be approved
89,Toilets,VIP Toilets,Education,Construction of VIP Toilets,Kaumbwe,Lusinde,Lusinde Community,"50,000",Funds were not adequate for all projects to be approved
90,Laboratory,Computer Laboratory,Education,Construction of a Computer Laboratory,Kaumbwe,Lusinde,Lusinde,"120,000",Funds were not adequate for all projects to be approved
91,Health Post,Health Post,Health,Construction of a Health Post,Kaumbwe,Lusinde,Lusinde Community,"110,000",Funds were not adequate for all projects to be approved
92,Dip Water Tank,Dip Water Tank,Water and Sanitation,Acess to Safe Drinking Water,Kaumbwe,Lusinde,Lunene,"350,000",Funds were not adequate for all projects to be approved
93,Health Post,Health Post,Health,Construction of a Health Post,Kaumbwe,Lusinde,Lunene,NIL,Funds were not adequate for all projects to be approved
